Group,Run,Metric,Step,Value
2A,2A_20260530_184312_More_heads+bigger_d_2,slot_f1/test,0,0.0014000700321048498
2A,2A_20260530_184312_More_heads+bigger_d_2,slot_f1/test,5,0.6863716840744019
2A,2A_20260530_184312_More_heads+bigger_d_2,slot_f1/test,10,0.7891513705253601
2A,2A_20260530_184312_More_heads+bigger_d_2,slot_f1/test,15,0.8298842310905457
2A,2A_20260530_184312_More_heads+bigger_d_2,slot_f1/test,20,0.8583420515060425
2A,2A_20260530_184312_More_heads+bigger_d_2,slot_f1/test,25,0.8726315498352051
2A,2A_20260530_184312_More_heads+bigger_d_2,slot_f1/test,30,0.8771807551383972
2A,2A_20260530_184312_More_heads+bigger_d_2,slot_f1/test,35,0.8812968730926514
2A,2A_20260530_184312_More_heads+bigger_d_2,slot_f1/test,40,0.8816526532173157
2A,2A_20260530_184312_More_heads+bigger_d_2,slot_f1/test,45,0.8883842825889587
2A,2A_20260530_184312_More_heads+bigger_d_2,slot_f1/test,50,0.8878814578056335
2A,2A_20260530_184312_More_heads+bigger_d_2,slot_f1/test,100,0.8814737796783447
2A,2A_20260530_184312_More_heads+bigger_d_2,intent_acc/test,0,0.707726776599884
2A,2A_20260530_184312_More_heads+bigger_d_2,intent_acc/test,5,0.8264277577400208
2A,2A_20260530_184312_More_heads+bigger_d_2,intent_acc/test,10,0.8689809441566467
2A,2A_20260530_184312_More_heads+bigger_d_2,intent_acc/test,15,0.8880178928375244
2A,2A_20260530_184312_More_heads+bigger_d_2,intent_acc/test,20,0.900335967540741
2A,2A_20260530_184312_More_heads+bigger_d_2,intent_acc/test,25,0.8936170339584351
2A,2A_20260530_184312_More_heads+bigger_d_2,intent_acc/test,30,0.9081746935844421
2A,2A_20260530_184312_More_heads+bigger_d_2,intent_acc/test,35,0.9014557600021362
2A,2A_20260530_184312_More_heads+bigger_d_2,intent_acc/test,40,0.9059350490570068
2A,2A_20260530_184312_More_heads+bigger_d_2,intent_acc/test,45,0.9104143381118774
2A,2A_20260530_184312_More_heads+bigger_d_2,intent_acc/test,50,0.9104143381118774
2A,2A_20260530_184312_More_heads+bigger_d_2,intent_acc/test,100,0.9092944860458374
2A,2A_20260530_184312_More_heads+bigger_d_2,loss/train,0,4.71951150894165
2A,2A_20260530_184312_More_heads+bigger_d_2,loss/train,1,2.6147301197052
2A,2A_20260530_184312_More_heads+bigger_d_2,loss/train,2,2.1072583198547363
2A,2A_20260530_184312_More_heads+bigger_d_2,loss/train,3,1.5763838291168213
2A,2A_20260530_184312_More_heads+bigger_d_2,loss/train,4,1.236504077911377
2A,2A_20260530_184312_More_heads+bigger_d_2,loss/train,5,0.9854016304016113
2A,2A_20260530_184312_More_heads+bigger_d_2,loss/train,6,0.8072237968444824
2A,2A_20260530_184312_More_heads+bigger_d_2,loss/train,7,0.6874778866767883
2A,2A_20260530_184312_More_heads+bigger_d_2,loss/train,8,0.5844126343727112
2A,2A_20260530_184312_More_heads+bigger_d_2,loss/train,9,0.4916590750217438
2A,2A_20260530_184312_More_heads+bigger_d_2,loss/train,10,0.42743152379989624
2A,2A_20260530_184312_More_heads+bigger_d_2,loss/train,11,0.3794863522052765
2A,2A_20260530_184312_More_heads+bigger_d_2,loss/train,12,0.3354251980781555
2A,2A_20260530_184312_More_heads+bigger_d_2,loss/train,13,0.30514225363731384
2A,2A_20260530_184312_More_heads+bigger_d_2,loss/train,14,0.2786537706851959
2A,2A_20260530_184312_More_heads+bigger_d_2,loss/train,15,0.2450118511915207
2A,2A_20260530_184312_More_heads+bigger_d_2,loss/train,16,0.2243959903717041
2A,2A_20260530_184312_More_heads+bigger_d_2,loss/train,17,0.20098809897899628
2A,2A_20260530_184312_More_heads+bigger_d_2,loss/train,18,0.18083001673221588
2A,2A_20260530_184312_More_heads+bigger_d_2,loss/train,19,0.16027602553367615
2A,2A_20260530_184312_More_heads+bigger_d_2,loss/train,20,0.14685003459453583
2A,2A_20260530_184312_More_heads+bigger_d_2,loss/train,21,0.13563700020313263
2A,2A_20260530_184312_More_heads+bigger_d_2,loss/train,22,0.12997864186763763
2A,2A_20260530_184312_More_heads+bigger_d_2,loss/train,23,0.14710843563079834
2A,2A_20260530_184312_More_heads+bigger_d_2,loss/train,24,0.15576475858688354
2A,2A_20260530_184312_More_heads+bigger_d_2,loss/train,25,0.1266690492630005
2A,2A_20260530_184312_More_heads+bigger_d_2,loss/train,26,0.09783221781253815
2A,2A_20260530_184312_More_heads+bigger_d_2,loss/train,27,0.08609618246555328
2A,2A_20260530_184312_More_heads+bigger_d_2,loss/train,28,0.07597183436155319
2A,2A_20260530_184312_More_heads+bigger_d_2,loss/train,29,0.06961081922054291
2A,2A_20260530_184312_More_heads+bigger_d_2,loss/train,30,0.06354157626628876
2A,2A_20260530_184312_More_heads+bigger_d_2,loss/train,31,0.059159182012081146
2A,2A_20260530_184312_More_heads+bigger_d_2,loss/train,32,0.05797993764281273
2A,2A_20260530_184312_More_heads+bigger_d_2,loss/train,33,0.05277502164244652
2A,2A_20260530_184312_More_heads+bigger_d_2,loss/train,34,0.05722090229392052
2A,2A_20260530_184312_More_heads+bigger_d_2,loss/train,35,0.06138189882040024
2A,2A_20260530_184312_More_heads+bigger_d_2,loss/train,36,0.06339520215988159
2A,2A_20260530_184312_More_heads+bigger_d_2,loss/train,37,0.06063070148229599
2A,2A_20260530_184312_More_heads+bigger_d_2,loss/train,38,0.05130107328295708
2A,2A_20260530_184312_More_heads+bigger_d_2,loss/train,39,0.05066385865211487
2A,2A_20260530_184312_More_heads+bigger_d_2,loss/train,40,0.047181740403175354
2A,2A_20260530_184312_More_heads+bigger_d_2,loss/train,41,0.04113204404711723
2A,2A_20260530_184312_More_heads+bigger_d_2,loss/train,42,0.03726306930184364
2A,2A_20260530_184312_More_heads+bigger_d_2,loss/train,43,0.0315629243850708
2A,2A_20260530_184312_More_heads+bigger_d_2,loss/train,44,0.02867969684302807
2A,2A_20260530_184312_More_heads+bigger_d_2,loss/train,45,0.02677830681204796
2A,2A_20260530_184312_More_heads+bigger_d_2,loss/train,46,0.025201663374900818
2A,2A_20260530_184312_More_heads+bigger_d_2,loss/train,47,0.023483138531446457
2A,2A_20260530_184312_More_heads+bigger_d_2,loss/train,48,0.022493477910757065
2A,2A_20260530_184312_More_heads+bigger_d_2,loss/train,49,0.021150533109903336
2A,2A_20260530_184312_More_heads+bigger_d_2,loss/train,50,0.020477795973420143
2A,2A_20260530_184312_More_heads+bigger_d_2,loss/train,51,0.019316550344228745
2A,2A_20260530_184312_More_heads+bigger_d_2,loss/train,52,0.018219249323010445
2A,2A_20260530_184312_More_heads+bigger_d_2,loss/train,53,0.017582779750227928
2A,2A_20260530_184312_More_heads+bigger_d_2,loss/train,54,0.017030326649546623
2A,2A_20260530_184312_More_heads+bigger_d_2,slot_f1/dev,0,0.0011757789179682732
2A,2A_20260530_184312_More_heads+bigger_d_2,slot_f1/dev,1,0.19730615615844727
2A,2A_20260530_184312_More_heads+bigger_d_2,slot_f1/dev,2,0.43821579217910767
2A,2A_20260530_184312_More_heads+bigger_d_2,slot_f1/dev,3,0.569473385810852
2A,2A_20260530_184312_More_heads+bigger_d_2,slot_f1/dev,4,0.674977719783783
2A,2A_20260530_184312_More_heads+bigger_d_2,slot_f1/dev,5,0.7263593673706055
2A,2A_20260530_184312_More_heads+bigger_d_2,slot_f1/dev,6,0.7700912356376648
2A,2A_20260530_184312_More_heads+bigger_d_2,slot_f1/dev,7,0.7776158452033997
2A,2A_20260530_184312_More_heads+bigger_d_2,slot_f1/dev,8,0.8135294318199158
2A,2A_20260530_184312_More_heads+bigger_d_2,slot_f1/dev,9,0.823113203048706
2A,2A_20260530_184312_More_heads+bigger_d_2,slot_f1/dev,10,0.8303312063217163
2A,2A_20260530_184312_More_heads+bigger_d_2,slot_f1/dev,11,0.8451366424560547
2A,2A_20260530_184312_More_heads+bigger_d_2,slot_f1/dev,12,0.8482718467712402
2A,2A_20260530_184312_More_heads+bigger_d_2,slot_f1/dev,13,0.8601459860801697
2A,2A_20260530_184312_More_heads+bigger_d_2,slot_f1/dev,14,0.8675691485404968
2A,2A_20260530_184312_More_heads+bigger_d_2,slot_f1/dev,15,0.875
2A,2A_20260530_184312_More_heads+bigger_d_2,slot_f1/dev,16,0.8813559412956238
2A,2A_20260530_184312_More_heads+bigger_d_2,slot_f1/dev,17,0.8834356069564819
2A,2A_20260530_184312_More_heads+bigger_d_2,slot_f1/dev,18,0.888693630695343
2A,2A_20260530_184312_More_heads+bigger_d_2,slot_f1/dev,19,0.8931074738502502
2A,2A_20260530_184312_More_heads+bigger_d_2,slot_f1/dev,20,0.8941999673843384
2A,2A_20260530_184312_More_heads+bigger_d_2,slot_f1/dev,21,0.9058374762535095
2A,2A_20260530_184312_More_heads+bigger_d_2,slot_f1/dev,22,0.9007901549339294
2A,2A_20260530_184312_More_heads+bigger_d_2,slot_f1/dev,23,0.9074941277503967
2A,2A_20260530_184312_More_heads+bigger_d_2,slot_f1/dev,24,0.905066967010498
2A,2A_20260530_184312_More_heads+bigger_d_2,slot_f1/dev,25,0.9169104695320129
2A,2A_20260530_184312_More_heads+bigger_d_2,slot_f1/dev,26,0.9178602695465088
2A,2A_20260530_184312_More_heads+bigger_d_2,slot_f1/dev,27,0.9198830127716064
2A,2A_20260530_184312_More_heads+bigger_d_2,slot_f1/dev,28,0.9209601879119873
2A,2A_20260530_184312_More_heads+bigger_d_2,slot_f1/dev,29,0.9254167675971985
2A,2A_20260530_184312_More_heads+bigger_d_2,slot_f1/dev,30,0.9271717071533203
2A,2A_20260530_184312_More_heads+bigger_d_2,slot_f1/dev,31,0.9243353605270386
2A,2A_20260530_184312_More_heads+bigger_d_2,slot_f1/dev,32,0.9290322661399841
2A,2A_20260530_184312_More_heads+bigger_d_2,slot_f1/dev,33,0.9305189251899719
2A,2A_20260530_184312_More_heads+bigger_d_2,slot_f1/dev,34,0.9308728575706482
2A,2A_20260530_184312_More_heads+bigger_d_2,slot_f1/dev,35,0.9270285964012146
2A,2A_20260530_184312_More_heads+bigger_d_2,slot_f1/dev,36,0.9262726902961731
2A,2A_20260530_184312_More_heads+bigger_d_2,slot_f1/dev,37,0.9318848848342896
2A,2A_20260530_184312_More_heads+bigger_d_2,slot_f1/dev,38,0.9311456084251404
2A,2A_20260530_184312_More_heads+bigger_d_2,slot_f1/dev,39,0.9265437722206116
2A,2A_20260530_184312_More_heads+bigger_d_2,slot_f1/dev,40,0.9335684776306152
2A,2A_20260530_184312_More_heads+bigger_d_2,slot_f1/dev,41,0.9319648146629333
2A,2A_20260530_184312_More_heads+bigger_d_2,slot_f1/dev,42,0.9374081492424011
2A,2A_20260530_184312_More_heads+bigger_d_2,slot_f1/dev,43,0.93458491563797
2A,2A_20260530_184312_More_heads+bigger_d_2,slot_f1/dev,44,0.9367311000823975
2A,2A_20260530_184312_More_heads+bigger_d_2,slot_f1/dev,45,0.93544602394104
2A,2A_20260530_184312_More_heads+bigger_d_2,slot_f1/dev,46,0.936493992805481
2A,2A_20260530_184312_More_heads+bigger_d_2,slot_f1/dev,47,0.9374634623527527
2A,2A_20260530_184312_More_heads+bigger_d_2,slot_f1/dev,48,0.9365682601928711
2A,2A_20260530_184312_More_heads+bigger_d_2,slot_f1/dev,49,0.9379754066467285
2A,2A_20260530_184312_More_heads+bigger_d_2,slot_f1/dev,50,0.9356725215911865
2A,2A_20260530_184312_More_heads+bigger_d_2,slot_f1/dev,51,0.9323572516441345
2A,2A_20260530_184312_More_heads+bigger_d_2,slot_f1/dev,52,0.9370793104171753
2A,2A_20260530_184312_More_heads+bigger_d_2,slot_f1/dev,53,0.9357582926750183
2A,2A_20260530_184312_More_heads+bigger_d_2,slot_f1/dev,54,0.9330605268478394
2A,2A_20260530_184312_More_heads+bigger_d_2,intent_acc/dev,0,0.736947774887085
2A,2A_20260530_184312_More_heads+bigger_d_2,intent_acc/dev,1,0.759036123752594
2A,2A_20260530_184312_More_heads+bigger_d_2,intent_acc/dev,2,0.781124472618103
2A,2A_20260530_184312_More_heads+bigger_d_2,intent_acc/dev,3,0.8353413939476013
2A,2A_20260530_184312_More_heads+bigger_d_2,intent_acc/dev,4,0.8574297428131104
2A,2A_20260530_184312_More_heads+bigger_d_2,intent_acc/dev,5,0.8795180916786194
2A,2A_20260530_184312_More_heads+bigger_d_2,intent_acc/dev,6,0.8995984196662903
2A,2A_20260530_184312_More_heads+bigger_d_2,intent_acc/dev,7,0.9196786880493164
2A,2A_20260530_184312_More_heads+bigger_d_2,intent_acc/dev,8,0.9216867685317993
2A,2A_20260530_184312_More_heads+bigger_d_2,intent_acc/dev,9,0.9317269325256348
2A,2A_20260530_184312_More_heads+bigger_d_2,intent_acc/dev,10,0.9417670965194702
2A,2A_20260530_184312_More_heads+bigger_d_2,intent_acc/dev,11,0.9477911591529846
2A,2A_20260530_184312_More_heads+bigger_d_2,intent_acc/dev,12,0.9477911591529846
2A,2A_20260530_184312_More_heads+bigger_d_2,intent_acc/dev,13,0.9518072009086609
2A,2A_20260530_184312_More_heads+bigger_d_2,intent_acc/dev,14,0.9477911591529846
2A,2A_20260530_184312_More_heads+bigger_d_2,intent_acc/dev,15,0.9538152813911438
2A,2A_20260530_184312_More_heads+bigger_d_2,intent_acc/dev,16,0.9538152813911438
2A,2A_20260530_184312_More_heads+bigger_d_2,intent_acc/dev,17,0.9558233022689819
2A,2A_20260530_184312_More_heads+bigger_d_2,intent_acc/dev,18,0.9578313231468201
2A,2A_20260530_184312_More_heads+bigger_d_2,intent_acc/dev,19,0.9578313231468201
2A,2A_20260530_184312_More_heads+bigger_d_2,intent_acc/dev,20,0.9578313231468201
2A,2A_20260530_184312_More_heads+bigger_d_2,intent_acc/dev,21,0.9558233022689819
2A,2A_20260530_184312_More_heads+bigger_d_2,intent_acc/dev,22,0.9558233022689819
2A,2A_20260530_184312_More_heads+bigger_d_2,intent_acc/dev,23,0.9558233022689819
2A,2A_20260530_184312_More_heads+bigger_d_2,intent_acc/dev,24,0.9558233022689819
2A,2A_20260530_184312_More_heads+bigger_d_2,intent_acc/dev,25,0.9678714871406555
2A,2A_20260530_184312_More_heads+bigger_d_2,intent_acc/dev,26,0.9598393440246582
2A,2A_20260530_184312_More_heads+bigger_d_2,intent_acc/dev,27,0.9658634662628174
2A,2A_20260530_184312_More_heads+bigger_d_2,intent_acc/dev,28,0.9638554453849792
2A,2A_20260530_184312_More_heads+bigger_d_2,intent_acc/dev,29,0.9638554453849792
2A,2A_20260530_184312_More_heads+bigger_d_2,intent_acc/dev,30,0.9618473649024963
2A,2A_20260530_184312_More_heads+bigger_d_2,intent_acc/dev,31,0.9698795080184937
2A,2A_20260530_184312_More_heads+bigger_d_2,intent_acc/dev,32,0.9658634662628174
2A,2A_20260530_184312_More_heads+bigger_d_2,intent_acc/dev,33,0.9638554453849792
2A,2A_20260530_184312_More_heads+bigger_d_2,intent_acc/dev,34,0.9518072009086609
2A,2A_20260530_184312_More_heads+bigger_d_2,intent_acc/dev,35,0.9578313231468201
2A,2A_20260530_184312_More_heads+bigger_d_2,intent_acc/dev,36,0.9618473649024963
2A,2A_20260530_184312_More_heads+bigger_d_2,intent_acc/dev,37,0.9598393440246582
2A,2A_20260530_184312_More_heads+bigger_d_2,intent_acc/dev,38,0.9618473649024963
2A,2A_20260530_184312_More_heads+bigger_d_2,intent_acc/dev,39,0.9638554453849792
2A,2A_20260530_184312_More_heads+bigger_d_2,intent_acc/dev,40,0.9738956093788147
2A,2A_20260530_184312_More_heads+bigger_d_2,intent_acc/dev,41,0.9678714871406555
2A,2A_20260530_184312_More_heads+bigger_d_2,intent_acc/dev,42,0.9678714871406555
2A,2A_20260530_184312_More_heads+bigger_d_2,intent_acc/dev,43,0.9718875288963318
2A,2A_20260530_184312_More_heads+bigger_d_2,intent_acc/dev,44,0.9678714871406555
2A,2A_20260530_184312_More_heads+bigger_d_2,intent_acc/dev,45,0.9678714871406555
2A,2A_20260530_184312_More_heads+bigger_d_2,intent_acc/dev,46,0.9658634662628174
2A,2A_20260530_184312_More_heads+bigger_d_2,intent_acc/dev,47,0.9698795080184937
2A,2A_20260530_184312_More_heads+bigger_d_2,intent_acc/dev,48,0.9678714871406555
2A,2A_20260530_184312_More_heads+bigger_d_2,intent_acc/dev,49,0.9678714871406555
2A,2A_20260530_184312_More_heads+bigger_d_2,intent_acc/dev,50,0.9678714871406555
2A,2A_20260530_184312_More_heads+bigger_d_2,intent_acc/dev,51,0.9678714871406555
2A,2A_20260530_184312_More_heads+bigger_d_2,intent_acc/dev,52,0.9678714871406555
2A,2A_20260530_184312_More_heads+bigger_d_2,intent_acc/dev,53,0.9658634662628174
2A,2A_20260530_184312_More_heads+bigger_d_2,intent_acc/dev,54,0.9678714871406555
2A,2A_20260602_170053_Dropout0.05_+_More_layers_2+More_heads+Bigger_d_2,slot_f1/test,0,0.0
2A,2A_20260602_170053_Dropout0.05_+_More_layers_2+More_heads+Bigger_d_2,slot_f1/test,5,0.6881489157676697
2A,2A_20260602_170053_Dropout0.05_+_More_layers_2+More_heads+Bigger_d_2,slot_f1/test,10,0.7964943051338196
2A,2A_20260602_170053_Dropout0.05_+_More_layers_2+More_heads+Bigger_d_2,slot_f1/test,15,0.8390260934829712
2A,2A_20260602_170053_Dropout0.05_+_More_layers_2+More_heads+Bigger_d_2,slot_f1/test,20,0.8434706330299377
2A,2A_20260602_170053_Dropout0.05_+_More_layers_2+More_heads+Bigger_d_2,slot_f1/test,25,0.8747368454933167
2A,2A_20260602_170053_Dropout0.05_+_More_layers_2+More_heads+Bigger_d_2,slot_f1/test,30,0.8870145678520203
2A,2A_20260602_170053_Dropout0.05_+_More_layers_2+More_heads+Bigger_d_2,slot_f1/test,35,0.8858495354652405
2A,2A_20260602_170053_Dropout0.05_+_More_layers_2+More_heads+Bigger_d_2,slot_f1/test,40,0.8782883286476135
2A,2A_20260602_170053_Dropout0.05_+_More_layers_2+More_heads+Bigger_d_2,slot_f1/test,100,0.8854184746742249
2A,2A_20260602_170053_Dropout0.05_+_More_layers_2+More_heads+Bigger_d_2,intent_acc/test,0,0.707726776599884
2A,2A_20260602_170053_Dropout0.05_+_More_layers_2+More_heads+Bigger_d_2,intent_acc/test,5,0.8073908090591431
2A,2A_20260602_170053_Dropout0.05_+_More_layers_2+More_heads+Bigger_d_2,intent_acc/test,10,0.8779395222663879
2A,2A_20260602_170053_Dropout0.05_+_More_layers_2+More_heads+Bigger_d_2,intent_acc/test,15,0.8958566784858704
2A,2A_20260602_170053_Dropout0.05_+_More_layers_2+More_heads+Bigger_d_2,intent_acc/test,20,0.8936170339584351
2A,2A_20260602_170053_Dropout0.05_+_More_layers_2+More_heads+Bigger_d_2,intent_acc/test,25,0.9238522052764893
2A,2A_20260602_170053_Dropout0.05_+_More_layers_2+More_heads+Bigger_d_2,intent_acc/test,30,0.9182530641555786
2A,2A_20260602_170053_Dropout0.05_+_More_layers_2+More_heads+Bigger_d_2,intent_acc/test,35,0.9227323532104492
2A,2A_20260602_170053_Dropout0.05_+_More_layers_2+More_heads+Bigger_d_2,intent_acc/test,40,0.9171332716941833
2A,2A_20260602_170053_Dropout0.05_+_More_layers_2+More_heads+Bigger_d_2,intent_acc/test,100,0.9193729162216187
2A,2A_20260602_170053_Dropout0.05_+_More_layers_2+More_heads+Bigger_d_2,loss/train,0,4.557966232299805
2A,2A_20260602_170053_Dropout0.05_+_More_layers_2+More_heads+Bigger_d_2,loss/train,1,2.5703248977661133
2A,2A_20260602_170053_Dropout0.05_+_More_layers_2+More_heads+Bigger_d_2,loss/train,2,2.1712119579315186
2A,2A_20260602_170053_Dropout0.05_+_More_layers_2+More_heads+Bigger_d_2,loss/train,3,1.7510690689086914
2A,2A_20260602_170053_Dropout0.05_+_More_layers_2+More_heads+Bigger_d_2,loss/train,4,1.3899338245391846
2A,2A_20260602_170053_Dropout0.05_+_More_layers_2+More_heads+Bigger_d_2,loss/train,5,1.0706465244293213
2A,2A_20260602_170053_Dropout0.05_+_More_layers_2+More_heads+Bigger_d_2,loss/train,6,0.8029228448867798
2A,2A_20260602_170053_Dropout0.05_+_More_layers_2+More_heads+Bigger_d_2,loss/train,7,0.6375453472137451
2A,2A_20260602_170053_Dropout0.05_+_More_layers_2+More_heads+Bigger_d_2,loss/train,8,0.48201772570610046
2A,2A_20260602_170053_Dropout0.05_+_More_layers_2+More_heads+Bigger_d_2,loss/train,9,0.3867122232913971
2A,2A_20260602_170053_Dropout0.05_+_More_layers_2+More_heads+Bigger_d_2,loss/train,10,0.34416595101356506
2A,2A_20260602_170053_Dropout0.05_+_More_layers_2+More_heads+Bigger_d_2,loss/train,11,0.31294405460357666
2A,2A_20260602_170053_Dropout0.05_+_More_layers_2+More_heads+Bigger_d_2,loss/train,12,0.24716401100158691
2A,2A_20260602_170053_Dropout0.05_+_More_layers_2+More_heads+Bigger_d_2,loss/train,13,0.20279332995414734
2A,2A_20260602_170053_Dropout0.05_+_More_layers_2+More_heads+Bigger_d_2,loss/train,14,0.16995631158351898
2A,2A_20260602_170053_Dropout0.05_+_More_layers_2+More_heads+Bigger_d_2,loss/train,15,0.14849887788295746
2A,2A_20260602_170053_Dropout0.05_+_More_layers_2+More_heads+Bigger_d_2,loss/train,16,0.14145325124263763
2A,2A_20260602_170053_Dropout0.05_+_More_layers_2+More_heads+Bigger_d_2,loss/train,17,0.13743805885314941
2A,2A_20260602_170053_Dropout0.05_+_More_layers_2+More_heads+Bigger_d_2,loss/train,18,0.13505034148693085
2A,2A_20260602_170053_Dropout0.05_+_More_layers_2+More_heads+Bigger_d_2,loss/train,19,0.12599293887615204
2A,2A_20260602_170053_Dropout0.05_+_More_layers_2+More_heads+Bigger_d_2,loss/train,20,0.12014839053153992
2A,2A_20260602_170053_Dropout0.05_+_More_layers_2+More_heads+Bigger_d_2,loss/train,21,0.11144088208675385
2A,2A_20260602_170053_Dropout0.05_+_More_layers_2+More_heads+Bigger_d_2,loss/train,22,0.08738471567630768
2A,2A_20260602_170053_Dropout0.05_+_More_layers_2+More_heads+Bigger_d_2,loss/train,23,0.06667438894510269
2A,2A_20260602_170053_Dropout0.05_+_More_layers_2+More_heads+Bigger_d_2,loss/train,24,0.05290362611413002
2A,2A_20260602_170053_Dropout0.05_+_More_layers_2+More_heads+Bigger_d_2,loss/train,25,0.045563939958810806
2A,2A_20260602_170053_Dropout0.05_+_More_layers_2+More_heads+Bigger_d_2,loss/train,26,0.04019521176815033
2A,2A_20260602_170053_Dropout0.05_+_More_layers_2+More_heads+Bigger_d_2,loss/train,27,0.035345617681741714
2A,2A_20260602_170053_Dropout0.05_+_More_layers_2+More_heads+Bigger_d_2,loss/train,28,0.03156659007072449
2A,2A_20260602_170053_Dropout0.05_+_More_layers_2+More_heads+Bigger_d_2,loss/train,29,0.02883620373904705
2A,2A_20260602_170053_Dropout0.05_+_More_layers_2+More_heads+Bigger_d_2,loss/train,30,0.02555372565984726
2A,2A_20260602_170053_Dropout0.05_+_More_layers_2+More_heads+Bigger_d_2,loss/train,31,0.02272147499024868
2A,2A_20260602_170053_Dropout0.05_+_More_layers_2+More_heads+Bigger_d_2,loss/train,32,0.02058238536119461
2A,2A_20260602_170053_Dropout0.05_+_More_layers_2+More_heads+Bigger_d_2,loss/train,33,0.018646134063601494
2A,2A_20260602_170053_Dropout0.05_+_More_layers_2+More_heads+Bigger_d_2,loss/train,34,0.01719893328845501
2A,2A_20260602_170053_Dropout0.05_+_More_layers_2+More_heads+Bigger_d_2,loss/train,35,0.015489386394619942
2A,2A_20260602_170053_Dropout0.05_+_More_layers_2+More_heads+Bigger_d_2,loss/train,36,0.014436939731240273
2A,2A_20260602_170053_Dropout0.05_+_More_layers_2+More_heads+Bigger_d_2,loss/train,37,0.013691014610230923
2A,2A_20260602_170053_Dropout0.05_+_More_layers_2+More_heads+Bigger_d_2,loss/train,38,0.01240620482712984
2A,2A_20260602_170053_Dropout0.05_+_More_layers_2+More_heads+Bigger_d_2,loss/train,39,0.011261999607086182
2A,2A_20260602_170053_Dropout0.05_+_More_layers_2+More_heads+Bigger_d_2,loss/train,40,0.010743065737187862
2A,2A_20260602_170053_Dropout0.05_+_More_layers_2+More_heads+Bigger_d_2,loss/train,41,0.00994062703102827
2A,2A_20260602_170053_Dropout0.05_+_More_layers_2+More_heads+Bigger_d_2,loss/train,42,0.00908264797180891
2A,2A_20260602_170053_Dropout0.05_+_More_layers_2+More_heads+Bigger_d_2,slot_f1/dev,0,0.0
2A,2A_20260602_170053_Dropout0.05_+_More_layers_2+More_heads+Bigger_d_2,slot_f1/dev,1,0.2584303319454193
2A,2A_20260602_170053_Dropout0.05_+_More_layers_2+More_heads+Bigger_d_2,slot_f1/dev,2,0.4066885709762573
2A,2A_20260602_170053_Dropout0.05_+_More_layers_2+More_heads+Bigger_d_2,slot_f1/dev,3,0.5251989364624023
2A,2A_20260602_170053_Dropout0.05_+_More_layers_2+More_heads+Bigger_d_2,slot_f1/dev,4,0.6356359124183655
2A,2A_20260602_170053_Dropout0.05_+_More_layers_2+More_heads+Bigger_d_2,slot_f1/dev,5,0.7387009859085083
2A,2A_20260602_170053_Dropout0.05_+_More_layers_2+More_heads+Bigger_d_2,slot_f1/dev,6,0.784057080745697
2A,2A_20260602_170053_Dropout0.05_+_More_layers_2+More_heads+Bigger_d_2,slot_f1/dev,7,0.8208160996437073
2A,2A_20260602_170053_Dropout0.05_+_More_layers_2+More_heads+Bigger_d_2,slot_f1/dev,8,0.8369887471199036
2A,2A_20260602_170053_Dropout0.05_+_More_layers_2+More_heads+Bigger_d_2,slot_f1/dev,9,0.8417329788208008
2A,2A_20260602_170053_Dropout0.05_+_More_layers_2+More_heads+Bigger_d_2,slot_f1/dev,10,0.8432464003562927
2A,2A_20260602_170053_Dropout0.05_+_More_layers_2+More_heads+Bigger_d_2,slot_f1/dev,11,0.8538529872894287
2A,2A_20260602_170053_Dropout0.05_+_More_layers_2+More_heads+Bigger_d_2,slot_f1/dev,12,0.858989417552948
2A,2A_20260602_170053_Dropout0.05_+_More_layers_2+More_heads+Bigger_d_2,slot_f1/dev,13,0.8781919479370117
2A,2A_20260602_170053_Dropout0.05_+_More_layers_2+More_heads+Bigger_d_2,slot_f1/dev,14,0.8817141056060791
2A,2A_20260602_170053_Dropout0.05_+_More_layers_2+More_heads+Bigger_d_2,slot_f1/dev,15,0.8895382881164551
2A,2A_20260602_170053_Dropout0.05_+_More_layers_2+More_heads+Bigger_d_2,slot_f1/dev,16,0.8907759785652161
2A,2A_20260602_170053_Dropout0.05_+_More_layers_2+More_heads+Bigger_d_2,slot_f1/dev,17,0.8981021642684937
2A,2A_20260602_170053_Dropout0.05_+_More_layers_2+More_heads+Bigger_d_2,slot_f1/dev,18,0.8995913863182068
2A,2A_20260602_170053_Dropout0.05_+_More_layers_2+More_heads+Bigger_d_2,slot_f1/dev,19,0.9035294055938721
2A,2A_20260602_170053_Dropout0.05_+_More_layers_2+More_heads+Bigger_d_2,slot_f1/dev,20,0.8900615572929382
2A,2A_20260602_170053_Dropout0.05_+_More_layers_2+More_heads+Bigger_d_2,slot_f1/dev,21,0.9028304815292358
2A,2A_20260602_170053_Dropout0.05_+_More_layers_2+More_heads+Bigger_d_2,slot_f1/dev,22,0.9178403615951538
2A,2A_20260602_170053_Dropout0.05_+_More_layers_2+More_heads+Bigger_d_2,slot_f1/dev,23,0.9163742661476135
2A,2A_20260602_170053_Dropout0.05_+_More_layers_2+More_heads+Bigger_d_2,slot_f1/dev,24,0.9220398664474487
2A,2A_20260602_170053_Dropout0.05_+_More_layers_2+More_heads+Bigger_d_2,slot_f1/dev,25,0.9245670437812805
2A,2A_20260602_170053_Dropout0.05_+_More_layers_2+More_heads+Bigger_d_2,slot_f1/dev,26,0.9248826503753662
2A,2A_20260602_170053_Dropout0.05_+_More_layers_2+More_heads+Bigger_d_2,slot_f1/dev,27,0.9265007376670837
2A,2A_20260602_170053_Dropout0.05_+_More_layers_2+More_heads+Bigger_d_2,slot_f1/dev,28,0.9250585436820984
2A,2A_20260602_170053_Dropout0.05_+_More_layers_2+More_heads+Bigger_d_2,slot_f1/dev,29,0.9299736022949219
2A,2A_20260602_170053_Dropout0.05_+_More_layers_2+More_heads+Bigger_d_2,slot_f1/dev,30,0.9295774698257446
2A,2A_20260602_170053_Dropout0.05_+_More_layers_2+More_heads+Bigger_d_2,slot_f1/dev,31,0.9275447130203247
2A,2A_20260602_170053_Dropout0.05_+_More_layers_2+More_heads+Bigger_d_2,slot_f1/dev,32,0.933920681476593
2A,2A_20260602_170053_Dropout0.05_+_More_layers_2+More_heads+Bigger_d_2,slot_f1/dev,33,0.9270436763763428
2A,2A_20260602_170053_Dropout0.05_+_More_layers_2+More_heads+Bigger_d_2,slot_f1/dev,34,0.9298914670944214
2A,2A_20260602_170053_Dropout0.05_+_More_layers_2+More_heads+Bigger_d_2,slot_f1/dev,35,0.932864248752594
2A,2A_20260602_170053_Dropout0.05_+_More_layers_2+More_heads+Bigger_d_2,slot_f1/dev,36,0.9328248500823975
2A,2A_20260602_170053_Dropout0.05_+_More_layers_2+More_heads+Bigger_d_2,slot_f1/dev,37,0.9352476000785828
2A,2A_20260602_170053_Dropout0.05_+_More_layers_2+More_heads+Bigger_d_2,slot_f1/dev,38,0.9297678470611572
2A,2A_20260602_170053_Dropout0.05_+_More_layers_2+More_heads+Bigger_d_2,slot_f1/dev,39,0.9311456084251404
2A,2A_20260602_170053_Dropout0.05_+_More_layers_2+More_heads+Bigger_d_2,slot_f1/dev,40,0.9291154146194458
2A,2A_20260602_170053_Dropout0.05_+_More_layers_2+More_heads+Bigger_d_2,slot_f1/dev,41,0.9326698184013367
2A,2A_20260602_170053_Dropout0.05_+_More_layers_2+More_heads+Bigger_d_2,slot_f1/dev,42,0.9320046901702881
2A,2A_20260602_170053_Dropout0.05_+_More_layers_2+More_heads+Bigger_d_2,intent_acc/dev,0,0.736947774887085
2A,2A_20260602_170053_Dropout0.05_+_More_layers_2+More_heads+Bigger_d_2,intent_acc/dev,1,0.7510040402412415
2A,2A_20260602_170053_Dropout0.05_+_More_layers_2+More_heads+Bigger_d_2,intent_acc/dev,2,0.759036123752594
2A,2A_20260602_170053_Dropout0.05_+_More_layers_2+More_heads+Bigger_d_2,intent_acc/dev,3,0.7791164517402649
2A,2A_20260602_170053_Dropout0.05_+_More_layers_2+More_heads+Bigger_d_2,intent_acc/dev,4,0.8293172717094421
2A,2A_20260602_170053_Dropout0.05_+_More_layers_2+More_heads+Bigger_d_2,intent_acc/dev,5,0.8734939694404602
2A,2A_20260602_170053_Dropout0.05_+_More_layers_2+More_heads+Bigger_d_2,intent_acc/dev,6,0.891566276550293
2A,2A_20260602_170053_Dropout0.05_+_More_layers_2+More_heads+Bigger_d_2,intent_acc/dev,7,0.9036144614219666
2A,2A_20260602_170053_Dropout0.05_+_More_layers_2+More_heads+Bigger_d_2,intent_acc/dev,8,0.9257028102874756
2A,2A_20260602_170053_Dropout0.05_+_More_layers_2+More_heads+Bigger_d_2,intent_acc/dev,9,0.9397590160369873
2A,2A_20260602_170053_Dropout0.05_+_More_layers_2+More_heads+Bigger_d_2,intent_acc/dev,10,0.9397590160369873
2A,2A_20260602_170053_Dropout0.05_+_More_layers_2+More_heads+Bigger_d_2,intent_acc/dev,11,0.9417670965194702
2A,2A_20260602_170053_Dropout0.05_+_More_layers_2+More_heads+Bigger_d_2,intent_acc/dev,12,0.9437751173973083
2A,2A_20260602_170053_Dropout0.05_+_More_layers_2+More_heads+Bigger_d_2,intent_acc/dev,13,0.9558233022689819
2A,2A_20260602_170053_Dropout0.05_+_More_layers_2+More_heads+Bigger_d_2,intent_acc/dev,14,0.9678714871406555
2A,2A_20260602_170053_Dropout0.05_+_More_layers_2+More_heads+Bigger_d_2,intent_acc/dev,15,0.9678714871406555
2A,2A_20260602_170053_Dropout0.05_+_More_layers_2+More_heads+Bigger_d_2,intent_acc/dev,16,0.9598393440246582
2A,2A_20260602_170053_Dropout0.05_+_More_layers_2+More_heads+Bigger_d_2,intent_acc/dev,17,0.9638554453849792
2A,2A_20260602_170053_Dropout0.05_+_More_layers_2+More_heads+Bigger_d_2,intent_acc/dev,18,0.9598393440246582
2A,2A_20260602_170053_Dropout0.05_+_More_layers_2+More_heads+Bigger_d_2,intent_acc/dev,19,0.9538152813911438
2A,2A_20260602_170053_Dropout0.05_+_More_layers_2+More_heads+Bigger_d_2,intent_acc/dev,20,0.9558233022689819
2A,2A_20260602_170053_Dropout0.05_+_More_layers_2+More_heads+Bigger_d_2,intent_acc/dev,21,0.9598393440246582
2A,2A_20260602_170053_Dropout0.05_+_More_layers_2+More_heads+Bigger_d_2,intent_acc/dev,22,0.9638554453849792
2A,2A_20260602_170053_Dropout0.05_+_More_layers_2+More_heads+Bigger_d_2,intent_acc/dev,23,0.9698795080184937
2A,2A_20260602_170053_Dropout0.05_+_More_layers_2+More_heads+Bigger_d_2,intent_acc/dev,24,0.9658634662628174
2A,2A_20260602_170053_Dropout0.05_+_More_layers_2+More_heads+Bigger_d_2,intent_acc/dev,25,0.9658634662628174
2A,2A_20260602_170053_Dropout0.05_+_More_layers_2+More_heads+Bigger_d_2,intent_acc/dev,26,0.9718875288963318
2A,2A_20260602_170053_Dropout0.05_+_More_layers_2+More_heads+Bigger_d_2,intent_acc/dev,27,0.9718875288963318
2A,2A_20260602_170053_Dropout0.05_+_More_layers_2+More_heads+Bigger_d_2,intent_acc/dev,28,0.9698795080184937
2A,2A_20260602_170053_Dropout0.05_+_More_layers_2+More_heads+Bigger_d_2,intent_acc/dev,29,0.9738956093788147
2A,2A_20260602_170053_Dropout0.05_+_More_layers_2+More_heads+Bigger_d_2,intent_acc/dev,30,0.9738956093788147
2A,2A_20260602_170053_Dropout0.05_+_More_layers_2+More_heads+Bigger_d_2,intent_acc/dev,31,0.9698795080184937
2A,2A_20260602_170053_Dropout0.05_+_More_layers_2+More_heads+Bigger_d_2,intent_acc/dev,32,0.9718875288963318
2A,2A_20260602_170053_Dropout0.05_+_More_layers_2+More_heads+Bigger_d_2,intent_acc/dev,33,0.9718875288963318
2A,2A_20260602_170053_Dropout0.05_+_More_layers_2+More_heads+Bigger_d_2,intent_acc/dev,34,0.9718875288963318
2A,2A_20260602_170053_Dropout0.05_+_More_layers_2+More_heads+Bigger_d_2,intent_acc/dev,35,0.9698795080184937
2A,2A_20260602_170053_Dropout0.05_+_More_layers_2+More_heads+Bigger_d_2,intent_acc/dev,36,0.9738956093788147
2A,2A_20260602_170053_Dropout0.05_+_More_layers_2+More_heads+Bigger_d_2,intent_acc/dev,37,0.9718875288963318
2A,2A_20260602_170053_Dropout0.05_+_More_layers_2+More_heads+Bigger_d_2,intent_acc/dev,38,0.9738956093788147
2A,2A_20260602_170053_Dropout0.05_+_More_layers_2+More_heads+Bigger_d_2,intent_acc/dev,39,0.9759036302566528
2A,2A_20260602_170053_Dropout0.05_+_More_layers_2+More_heads+Bigger_d_2,intent_acc/dev,40,0.9718875288963318
2A,2A_20260602_170053_Dropout0.05_+_More_layers_2+More_heads+Bigger_d_2,intent_acc/dev,41,0.9718875288963318
2A,2A_20260602_170053_Dropout0.05_+_More_layers_2+More_heads+Bigger_d_2,intent_acc/dev,42,0.9718875288963318
2A,2A_20260530_184626_More_layers_2+Bigger_d,slot_f1/test,0,0.0
2A,2A_20260530_184626_More_layers_2+Bigger_d,slot_f1/test,5,0.5310815572738647
2A,2A_20260530_184626_More_layers_2+Bigger_d,slot_f1/test,10,0.7542147040367126
2A,2A_20260530_184626_More_layers_2+Bigger_d,slot_f1/test,15,0.7898982763290405
2A,2A_20260530_184626_More_layers_2+Bigger_d,slot_f1/test,20,0.8089651465415955
2A,2A_20260530_184626_More_layers_2+Bigger_d,slot_f1/test,25,0.8325807452201843
2A,2A_20260530_184626_More_layers_2+Bigger_d,slot_f1/test,30,0.8401731848716736
2A,2A_20260530_184626_More_layers_2+Bigger_d,slot_f1/test,35,0.8587846159934998
2A,2A_20260530_184626_More_layers_2+Bigger_d,slot_f1/test,40,0.8615545034408569
2A,2A_20260530_184626_More_layers_2+Bigger_d,slot_f1/test,45,0.8383750915527344
2A,2A_20260530_184626_More_layers_2+Bigger_d,slot_f1/test,100,0.867373526096344
2A,2A_20260530_184626_More_layers_2+Bigger_d,intent_acc/test,0,0.707726776599884
2A,2A_20260530_184626_More_layers_2+Bigger_d,intent_acc/test,5,0.771556556224823
2A,2A_20260530_184626_More_layers_2+Bigger_d,intent_acc/test,10,0.8611422181129456
2A,2A_20260530_184626_More_layers_2+Bigger_d,intent_acc/test,15,0.8835386633872986
2A,2A_20260530_184626_More_layers_2+Bigger_d,intent_acc/test,20,0.8958566784858704
2A,2A_20260530_184626_More_layers_2+Bigger_d,intent_acc/test,25,0.9014557600021362
2A,2A_20260530_184626_More_layers_2+Bigger_d,intent_acc/test,30,0.9025756120681763
2A,2A_20260530_184626_More_layers_2+Bigger_d,intent_acc/test,35,0.8992161154747009
2A,2A_20260530_184626_More_layers_2+Bigger_d,intent_acc/test,40,0.9025756120681763
2A,2A_20260530_184626_More_layers_2+Bigger_d,intent_acc/test,45,0.8958566784858704
2A,2A_20260530_184626_More_layers_2+Bigger_d,intent_acc/test,100,0.9036954045295715
2A,2A_20260530_184626_More_layers_2+Bigger_d,loss/train,0,5.589128494262695
2A,2A_20260530_184626_More_layers_2+Bigger_d,loss/train,1,2.984119176864624
2A,2A_20260530_184626_More_layers_2+Bigger_d,loss/train,2,2.534108877182007
2A,2A_20260530_184626_More_layers_2+Bigger_d,loss/train,3,2.1186416149139404
2A,2A_20260530_184626_More_layers_2+Bigger_d,loss/train,4,1.829888939857483
2A,2A_20260530_184626_More_layers_2+Bigger_d,loss/train,5,1.5593504905700684
2A,2A_20260530_184626_More_layers_2+Bigger_d,loss/train,6,1.2790765762329102
2A,2A_20260530_184626_More_layers_2+Bigger_d,loss/train,7,1.0662879943847656
2A,2A_20260530_184626_More_layers_2+Bigger_d,loss/train,8,0.9103772640228271
2A,2A_20260530_184626_More_layers_2+Bigger_d,loss/train,9,0.758859395980835
2A,2A_20260530_184626_More_layers_2+Bigger_d,loss/train,10,0.6471505165100098
2A,2A_20260530_184626_More_layers_2+Bigger_d,loss/train,11,0.5571556687355042
2A,2A_20260530_184626_More_layers_2+Bigger_d,loss/train,12,0.4960017502307892
2A,2A_20260530_184626_More_layers_2+Bigger_d,loss/train,13,0.4518316686153412
2A,2A_20260530_184626_More_layers_2+Bigger_d,loss/train,14,0.3954846262931824
2A,2A_20260530_184626_More_layers_2+Bigger_d,loss/train,15,0.35576897859573364
2A,2A_20260530_184626_More_layers_2+Bigger_d,loss/train,16,0.3469088673591614
2A,2A_20260530_184626_More_layers_2+Bigger_d,loss/train,17,0.3048602342605591
2A,2A_20260530_184626_More_layers_2+Bigger_d,loss/train,18,0.26784548163414
2A,2A_20260530_184626_More_layers_2+Bigger_d,loss/train,19,0.24984382092952728
2A,2A_20260530_184626_More_layers_2+Bigger_d,loss/train,20,0.23650799691677094
2A,2A_20260530_184626_More_layers_2+Bigger_d,loss/train,21,0.21930381655693054
2A,2A_20260530_184626_More_layers_2+Bigger_d,loss/train,22,0.19980813562870026
2A,2A_20260530_184626_More_layers_2+Bigger_d,loss/train,23,0.18101097643375397
2A,2A_20260530_184626_More_layers_2+Bigger_d,loss/train,24,0.16638518869876862
2A,2A_20260530_184626_More_layers_2+Bigger_d,loss/train,25,0.15633337199687958
2A,2A_20260530_184626_More_layers_2+Bigger_d,loss/train,26,0.16920599341392517
2A,2A_20260530_184626_More_layers_2+Bigger_d,loss/train,27,0.15917235612869263
2A,2A_20260530_184626_More_layers_2+Bigger_d,loss/train,28,0.1361832171678543
2A,2A_20260530_184626_More_layers_2+Bigger_d,loss/train,29,0.12367474287748337
2A,2A_20260530_184626_More_layers_2+Bigger_d,loss/train,30,0.11431166529655457
2A,2A_20260530_184626_More_layers_2+Bigger_d,loss/train,31,0.1049395203590393
2A,2A_20260530_184626_More_layers_2+Bigger_d,loss/train,32,0.09775754809379578
2A,2A_20260530_184626_More_layers_2+Bigger_d,loss/train,33,0.09162800014019012
2A,2A_20260530_184626_More_layers_2+Bigger_d,loss/train,34,0.08516695350408554
2A,2A_20260530_184626_More_layers_2+Bigger_d,loss/train,35,0.0779363140463829
2A,2A_20260530_184626_More_layers_2+Bigger_d,loss/train,36,0.07211396843194962
2A,2A_20260530_184626_More_layers_2+Bigger_d,loss/train,37,0.06749005615711212
2A,2A_20260530_184626_More_layers_2+Bigger_d,loss/train,38,0.06293242424726486
2A,2A_20260530_184626_More_layers_2+Bigger_d,loss/train,39,0.05807344987988472
2A,2A_20260530_184626_More_layers_2+Bigger_d,loss/train,40,0.05409812554717064
2A,2A_20260530_184626_More_layers_2+Bigger_d,loss/train,41,0.049904268234968185
2A,2A_20260530_184626_More_layers_2+Bigger_d,loss/train,42,0.0468975193798542
2A,2A_20260530_184626_More_layers_2+Bigger_d,loss/train,43,0.0447612963616848
2A,2A_20260530_184626_More_layers_2+Bigger_d,loss/train,44,0.048739418387413025
2A,2A_20260530_184626_More_layers_2+Bigger_d,loss/train,45,0.17979753017425537
2A,2A_20260530_184626_More_layers_2+Bigger_d,loss/train,46,0.129940465092659
2A,2A_20260530_184626_More_layers_2+Bigger_d,loss/train,47,0.0777001678943634
2A,2A_20260530_184626_More_layers_2+Bigger_d,slot_f1/dev,0,0.0
2A,2A_20260530_184626_More_layers_2+Bigger_d,slot_f1/dev,1,0.0
2A,2A_20260530_184626_More_layers_2+Bigger_d,slot_f1/dev,2,0.32661157846450806
2A,2A_20260530_184626_More_layers_2+Bigger_d,slot_f1/dev,3,0.3729133903980255
2A,2A_20260530_184626_More_layers_2+Bigger_d,slot_f1/dev,4,0.4904400706291199
2A,2A_20260530_184626_More_layers_2+Bigger_d,slot_f1/dev,5,0.5580276846885681
2A,2A_20260530_184626_More_layers_2+Bigger_d,slot_f1/dev,6,0.6435239315032959
2A,2A_20260530_184626_More_layers_2+Bigger_d,slot_f1/dev,7,0.7177823781967163
2A,2A_20260530_184626_More_layers_2+Bigger_d,slot_f1/dev,8,0.7502965331077576
2A,2A_20260530_184626_More_layers_2+Bigger_d,slot_f1/dev,9,0.7650654911994934
2A,2A_20260530_184626_More_layers_2+Bigger_d,slot_f1/dev,10,0.7813789248466492
2A,2A_20260530_184626_More_layers_2+Bigger_d,slot_f1/dev,11,0.7910535335540771
2A,2A_20260530_184626_More_layers_2+Bigger_d,slot_f1/dev,12,0.7996485233306885
2A,2A_20260530_184626_More_layers_2+Bigger_d,slot_f1/dev,13,0.8049065470695496
2A,2A_20260530_184626_More_layers_2+Bigger_d,slot_f1/dev,14,0.8237378001213074
2A,2A_20260530_184626_More_layers_2+Bigger_d,slot_f1/dev,15,0.8212503790855408
2A,2A_20260530_184626_More_layers_2+Bigger_d,slot_f1/dev,16,0.8215646147727966
2A,2A_20260530_184626_More_layers_2+Bigger_d,slot_f1/dev,17,0.838880717754364
2A,2A_20260530_184626_More_layers_2+Bigger_d,slot_f1/dev,18,0.843768298625946
2A,2A_20260530_184626_More_layers_2+Bigger_d,slot_f1/dev,19,0.8414598703384399
2A,2A_20260530_184626_More_layers_2+Bigger_d,slot_f1/dev,20,0.8483245372772217
2A,2A_20260530_184626_More_layers_2+Bigger_d,slot_f1/dev,21,0.8559718728065491
2A,2A_20260530_184626_More_layers_2+Bigger_d,slot_f1/dev,22,0.857559859752655
2A,2A_20260530_184626_More_layers_2+Bigger_d,slot_f1/dev,23,0.8627451062202454
2A,2A_20260530_184626_More_layers_2+Bigger_d,slot_f1/dev,24,0.8648490309715271
2A,2A_20260530_184626_More_layers_2+Bigger_d,slot_f1/dev,25,0.8673499226570129
2A,2A_20260530_184626_More_layers_2+Bigger_d,slot_f1/dev,26,0.8654630184173584
2A,2A_20260530_184626_More_layers_2+Bigger_d,slot_f1/dev,27,0.868067741394043
2A,2A_20260530_184626_More_layers_2+Bigger_d,slot_f1/dev,28,0.8754385709762573
2A,2A_20260530_184626_More_layers_2+Bigger_d,slot_f1/dev,29,0.8740870356559753
2A,2A_20260530_184626_More_layers_2+Bigger_d,slot_f1/dev,30,0.8806536197662354
2A,2A_20260530_184626_More_layers_2+Bigger_d,slot_f1/dev,31,0.885447084903717
2A,2A_20260530_184626_More_layers_2+Bigger_d,slot_f1/dev,32,0.882489800453186
2A,2A_20260530_184626_More_layers_2+Bigger_d,slot_f1/dev,33,0.8923256397247314
2A,2A_20260530_184626_More_layers_2+Bigger_d,slot_f1/dev,34,0.8945835828781128
2A,2A_20260530_184626_More_layers_2+Bigger_d,slot_f1/dev,35,0.8965316414833069
2A,2A_20260530_184626_More_layers_2+Bigger_d,slot_f1/dev,36,0.9038854837417603
2A,2A_20260530_184626_More_layers_2+Bigger_d,slot_f1/dev,37,0.9053738117218018
2A,2A_20260530_184626_More_layers_2+Bigger_d,slot_f1/dev,38,0.909355878829956
2A,2A_20260530_184626_More_layers_2+Bigger_d,slot_f1/dev,39,0.909621000289917
2A,2A_20260530_184626_More_layers_2+Bigger_d,slot_f1/dev,40,0.9166180491447449
2A,2A_20260530_184626_More_layers_2+Bigger_d,slot_f1/dev,41,0.9149371385574341
2A,2A_20260530_184626_More_layers_2+Bigger_d,slot_f1/dev,42,0.9172011613845825
2A,2A_20260530_184626_More_layers_2+Bigger_d,slot_f1/dev,43,0.9158878326416016
2A,2A_20260530_184626_More_layers_2+Bigger_d,slot_f1/dev,44,0.8983988165855408
2A,2A_20260530_184626_More_layers_2+Bigger_d,slot_f1/dev,45,0.8852077722549438
2A,2A_20260530_184626_More_layers_2+Bigger_d,slot_f1/dev,46,0.9033957719802856
2A,2A_20260530_184626_More_layers_2+Bigger_d,slot_f1/dev,47,0.9121167659759521
2A,2A_20260530_184626_More_layers_2+Bigger_d,intent_acc/dev,0,0.736947774887085
2A,2A_20260530_184626_More_layers_2+Bigger_d,intent_acc/dev,1,0.736947774887085
2A,2A_20260530_184626_More_layers_2+Bigger_d,intent_acc/dev,2,0.759036123752594
2A,2A_20260530_184626_More_layers_2+Bigger_d,intent_acc/dev,3,0.7690762877464294
2A,2A_20260530_184626_More_layers_2+Bigger_d,intent_acc/dev,4,0.781124472618103
2A,2A_20260530_184626_More_layers_2+Bigger_d,intent_acc/dev,5,0.805220901966095
2A,2A_20260530_184626_More_layers_2+Bigger_d,intent_acc/dev,6,0.8714859485626221
2A,2A_20260530_184626_More_layers_2+Bigger_d,intent_acc/dev,7,0.8795180916786194
2A,2A_20260530_184626_More_layers_2+Bigger_d,intent_acc/dev,8,0.8975903391838074
2A,2A_20260530_184626_More_layers_2+Bigger_d,intent_acc/dev,9,0.9076305031776428
2A,2A_20260530_184626_More_layers_2+Bigger_d,intent_acc/dev,10,0.9196786880493164
2A,2A_20260530_184626_More_layers_2+Bigger_d,intent_acc/dev,11,0.9236947894096375
2A,2A_20260530_184626_More_layers_2+Bigger_d,intent_acc/dev,12,0.9417670965194702
2A,2A_20260530_184626_More_layers_2+Bigger_d,intent_acc/dev,13,0.9397590160369873
2A,2A_20260530_184626_More_layers_2+Bigger_d,intent_acc/dev,14,0.9437751173973083
2A,2A_20260530_184626_More_layers_2+Bigger_d,intent_acc/dev,15,0.9477911591529846
2A,2A_20260530_184626_More_layers_2+Bigger_d,intent_acc/dev,16,0.9457831382751465
2A,2A_20260530_184626_More_layers_2+Bigger_d,intent_acc/dev,17,0.9518072009086609
2A,2A_20260530_184626_More_layers_2+Bigger_d,intent_acc/dev,18,0.9518072009086609
2A,2A_20260530_184626_More_layers_2+Bigger_d,intent_acc/dev,19,0.9578313231468201
2A,2A_20260530_184626_More_layers_2+Bigger_d,intent_acc/dev,20,0.9558233022689819
2A,2A_20260530_184626_More_layers_2+Bigger_d,intent_acc/dev,21,0.9578313231468201
2A,2A_20260530_184626_More_layers_2+Bigger_d,intent_acc/dev,22,0.9558233022689819
2A,2A_20260530_184626_More_layers_2+Bigger_d,intent_acc/dev,23,0.9638554453849792
2A,2A_20260530_184626_More_layers_2+Bigger_d,intent_acc/dev,24,0.9618473649024963
2A,2A_20260530_184626_More_layers_2+Bigger_d,intent_acc/dev,25,0.9558233022689819
2A,2A_20260530_184626_More_layers_2+Bigger_d,intent_acc/dev,26,0.9638554453849792
2A,2A_20260530_184626_More_layers_2+Bigger_d,intent_acc/dev,27,0.9698795080184937
2A,2A_20260530_184626_More_layers_2+Bigger_d,intent_acc/dev,28,0.9658634662628174
2A,2A_20260530_184626_More_layers_2+Bigger_d,intent_acc/dev,29,0.9698795080184937
2A,2A_20260530_184626_More_layers_2+Bigger_d,intent_acc/dev,30,0.9658634662628174
2A,2A_20260530_184626_More_layers_2+Bigger_d,intent_acc/dev,31,0.9698795080184937
2A,2A_20260530_184626_More_layers_2+Bigger_d,intent_acc/dev,32,0.9698795080184937
2A,2A_20260530_184626_More_layers_2+Bigger_d,intent_acc/dev,33,0.9698795080184937
2A,2A_20260530_184626_More_layers_2+Bigger_d,intent_acc/dev,34,0.9678714871406555
2A,2A_20260530_184626_More_layers_2+Bigger_d,intent_acc/dev,35,0.9698795080184937
2A,2A_20260530_184626_More_layers_2+Bigger_d,intent_acc/dev,36,0.9698795080184937
2A,2A_20260530_184626_More_layers_2+Bigger_d,intent_acc/dev,37,0.9638554453849792
2A,2A_20260530_184626_More_layers_2+Bigger_d,intent_acc/dev,38,0.9718875288963318
2A,2A_20260530_184626_More_layers_2+Bigger_d,intent_acc/dev,39,0.9698795080184937
2A,2A_20260530_184626_More_layers_2+Bigger_d,intent_acc/dev,40,0.9698795080184937
2A,2A_20260530_184626_More_layers_2+Bigger_d,intent_acc/dev,41,0.9698795080184937
2A,2A_20260530_184626_More_layers_2+Bigger_d,intent_acc/dev,42,0.9698795080184937
2A,2A_20260530_184626_More_layers_2+Bigger_d,intent_acc/dev,43,0.9618473649024963
2A,2A_20260530_184626_More_layers_2+Bigger_d,intent_acc/dev,44,0.9457831382751465
2A,2A_20260530_184626_More_layers_2+Bigger_d,intent_acc/dev,45,0.9417670965194702
2A,2A_20260530_184626_More_layers_2+Bigger_d,intent_acc/dev,46,0.9698795080184937
2A,2A_20260530_184626_More_layers_2+Bigger_d,intent_acc/dev,47,0.9538152813911438
2A,2A_20260530_184501_More_heads_2+_Bigger_d_2,slot_f1/test,0,0.0
2A,2A_20260530_184501_More_heads_2+_Bigger_d_2,slot_f1/test,5,0.6643245816230774
2A,2A_20260530_184501_More_heads_2+_Bigger_d_2,slot_f1/test,10,0.8006323575973511
2A,2A_20260530_184501_More_heads_2+_Bigger_d_2,slot_f1/test,15,0.8297311663627625
2A,2A_20260530_184501_More_heads_2+_Bigger_d_2,slot_f1/test,20,0.8506070971488953
2A,2A_20260530_184501_More_heads_2+_Bigger_d_2,slot_f1/test,25,0.8657293319702148
2A,2A_20260530_184501_More_heads_2+_Bigger_d_2,slot_f1/test,30,0.8702343702316284
2A,2A_20260530_184501_More_heads_2+_Bigger_d_2,slot_f1/test,35,0.871875524520874
2A,2A_20260530_184501_More_heads_2+_Bigger_d_2,slot_f1/test,100,0.8678452372550964
2A,2A_20260530_184501_More_heads_2+_Bigger_d_2,intent_acc/test,0,0.707726776599884
2A,2A_20260530_184501_More_heads_2+_Bigger_d_2,intent_acc/test,5,0.8477043509483337
2A,2A_20260530_184501_More_heads_2+_Bigger_d_2,intent_acc/test,10,0.8768197298049927
2A,2A_20260530_184501_More_heads_2+_Bigger_d_2,intent_acc/test,15,0.9036954045295715
2A,2A_20260530_184501_More_heads_2+_Bigger_d_2,intent_acc/test,20,0.914893627166748
2A,2A_20260530_184501_More_heads_2+_Bigger_d_2,intent_acc/test,25,0.9104143381118774
2A,2A_20260530_184501_More_heads_2+_Bigger_d_2,intent_acc/test,30,0.9182530641555786
2A,2A_20260530_184501_More_heads_2+_Bigger_d_2,intent_acc/test,35,0.9193729162216187
2A,2A_20260530_184501_More_heads_2+_Bigger_d_2,intent_acc/test,100,0.9182530641555786
2A,2A_20260530_184501_More_heads_2+_Bigger_d_2,loss/train,0,4.725508689880371
2A,2A_20260530_184501_More_heads_2+_Bigger_d_2,loss/train,1,2.599372625350952
2A,2A_20260530_184501_More_heads_2+_Bigger_d_2,loss/train,2,2.0607380867004395
2A,2A_20260530_184501_More_heads_2+_Bigger_d_2,loss/train,3,1.5752713680267334
2A,2A_20260530_184501_More_heads_2+_Bigger_d_2,loss/train,4,1.2299067974090576
2A,2A_20260530_184501_More_heads_2+_Bigger_d_2,loss/train,5,0.9503108859062195
2A,2A_20260530_184501_More_heads_2+_Bigger_d_2,loss/train,6,0.7624409794807434
2A,2A_20260530_184501_More_heads_2+_Bigger_d_2,loss/train,7,0.6336713433265686
2A,2A_20260530_184501_More_heads_2+_Bigger_d_2,loss/train,8,0.5299652218818665
2A,2A_20260530_184501_More_heads_2+_Bigger_d_2,loss/train,9,0.45581597089767456
2A,2A_20260530_184501_More_heads_2+_Bigger_d_2,loss/train,10,0.38979819416999817
2A,2A_20260530_184501_More_heads_2+_Bigger_d_2,loss/train,11,0.35347121953964233
2A,2A_20260530_184501_More_heads_2+_Bigger_d_2,loss/train,12,0.30142927169799805
2A,2A_20260530_184501_More_heads_2+_Bigger_d_2,loss/train,13,0.27071428298950195
2A,2A_20260530_184501_More_heads_2+_Bigger_d_2,loss/train,14,0.24240942299365997
2A,2A_20260530_184501_More_heads_2+_Bigger_d_2,loss/train,15,0.21862122416496277
2A,2A_20260530_184501_More_heads_2+_Bigger_d_2,loss/train,16,0.19842840731143951
2A,2A_20260530_184501_More_heads_2+_Bigger_d_2,loss/train,17,0.18382146954536438
2A,2A_20260530_184501_More_heads_2+_Bigger_d_2,loss/train,18,0.16952934861183167
2A,2A_20260530_184501_More_heads_2+_Bigger_d_2,loss/train,19,0.14987994730472565
2A,2A_20260530_184501_More_heads_2+_Bigger_d_2,loss/train,20,0.13381871581077576
2A,2A_20260530_184501_More_heads_2+_Bigger_d_2,loss/train,21,0.11926508694887161
2A,2A_20260530_184501_More_heads_2+_Bigger_d_2,loss/train,22,0.11661212891340256
2A,2A_20260530_184501_More_heads_2+_Bigger_d_2,loss/train,23,0.11730042845010757
2A,2A_20260530_184501_More_heads_2+_Bigger_d_2,loss/train,24,0.11618596315383911
2A,2A_20260530_184501_More_heads_2+_Bigger_d_2,loss/train,25,0.09338336437940598
2A,2A_20260530_184501_More_heads_2+_Bigger_d_2,loss/train,26,0.09254920482635498
2A,2A_20260530_184501_More_heads_2+_Bigger_d_2,loss/train,27,0.08036428689956665
2A,2A_20260530_184501_More_heads_2+_Bigger_d_2,loss/train,28,0.07041586190462112
2A,2A_20260530_184501_More_heads_2+_Bigger_d_2,loss/train,29,0.06266434490680695
2A,2A_20260530_184501_More_heads_2+_Bigger_d_2,loss/train,30,0.057118382304906845
2A,2A_20260530_184501_More_heads_2+_Bigger_d_2,loss/train,31,0.05163813754916191
2A,2A_20260530_184501_More_heads_2+_Bigger_d_2,loss/train,32,0.04697871580719948
2A,2A_20260530_184501_More_heads_2+_Bigger_d_2,loss/train,33,0.042212892323732376
2A,2A_20260530_184501_More_heads_2+_Bigger_d_2,loss/train,34,0.04055900126695633
2A,2A_20260530_184501_More_heads_2+_Bigger_d_2,loss/train,35,0.03887907415628433
2A,2A_20260530_184501_More_heads_2+_Bigger_d_2,loss/train,36,0.03548242524266243
2A,2A_20260530_184501_More_heads_2+_Bigger_d_2,loss/train,37,0.032017722725868225
2A,2A_20260530_184501_More_heads_2+_Bigger_d_2,loss/train,38,0.02913709171116352
2A,2A_20260530_184501_More_heads_2+_Bigger_d_2,slot_f1/dev,0,0.0
2A,2A_20260530_184501_More_heads_2+_Bigger_d_2,slot_f1/dev,1,0.20398010313510895
2A,2A_20260530_184501_More_heads_2+_Bigger_d_2,slot_f1/dev,2,0.4517350196838379
2A,2A_20260530_184501_More_heads_2+_Bigger_d_2,slot_f1/dev,3,0.5807990431785583
2A,2A_20260530_184501_More_heads_2+_Bigger_d_2,slot_f1/dev,4,0.6766344308853149
2A,2A_20260530_184501_More_heads_2+_Bigger_d_2,slot_f1/dev,5,0.7236919403076172
2A,2A_20260530_184501_More_heads_2+_Bigger_d_2,slot_f1/dev,6,0.761904776096344
2A,2A_20260530_184501_More_heads_2+_Bigger_d_2,slot_f1/dev,7,0.7922077775001526
2A,2A_20260530_184501_More_heads_2+_Bigger_d_2,slot_f1/dev,8,0.8162305355072021
2A,2A_20260530_184501_More_heads_2+_Bigger_d_2,slot_f1/dev,9,0.8220463395118713
2A,2A_20260530_184501_More_heads_2+_Bigger_d_2,slot_f1/dev,10,0.8304639458656311
2A,2A_20260530_184501_More_heads_2+_Bigger_d_2,slot_f1/dev,11,0.8497652411460876
2A,2A_20260530_184501_More_heads_2+_Bigger_d_2,slot_f1/dev,12,0.8584795594215393
2A,2A_20260530_184501_More_heads_2+_Bigger_d_2,slot_f1/dev,13,0.8705331087112427
2A,2A_20260530_184501_More_heads_2+_Bigger_d_2,slot_f1/dev,14,0.871583878993988
2A,2A_20260530_184501_More_heads_2+_Bigger_d_2,slot_f1/dev,15,0.8824742436408997
2A,2A_20260530_184501_More_heads_2+_Bigger_d_2,slot_f1/dev,16,0.8794864416122437
2A,2A_20260530_184501_More_heads_2+_Bigger_d_2,slot_f1/dev,17,0.8838162422180176
2A,2A_20260530_184501_More_heads_2+_Bigger_d_2,slot_f1/dev,18,0.8856219053268433
2A,2A_20260530_184501_More_heads_2+_Bigger_d_2,slot_f1/dev,19,0.8937793374061584
2A,2A_20260530_184501_More_heads_2+_Bigger_d_2,slot_f1/dev,20,0.8981508612632751
2A,2A_20260530_184501_More_heads_2+_Bigger_d_2,slot_f1/dev,21,0.8974208831787109
2A,2A_20260530_184501_More_heads_2+_Bigger_d_2,slot_f1/dev,22,0.9007320404052734
2A,2A_20260530_184501_More_heads_2+_Bigger_d_2,slot_f1/dev,23,0.9048316478729248
2A,2A_20260530_184501_More_heads_2+_Bigger_d_2,slot_f1/dev,24,0.9133489727973938
2A,2A_20260530_184501_More_heads_2+_Bigger_d_2,slot_f1/dev,25,0.9127753376960754
2A,2A_20260530_184501_More_heads_2+_Bigger_d_2,slot_f1/dev,26,0.9137981534004211
2A,2A_20260530_184501_More_heads_2+_Bigger_d_2,slot_f1/dev,27,0.9086115956306458
2A,2A_20260530_184501_More_heads_2+_Bigger_d_2,slot_f1/dev,28,0.9151248335838318
2A,2A_20260530_184501_More_heads_2+_Bigger_d_2,slot_f1/dev,29,0.9153733253479004
2A,2A_20260530_184501_More_heads_2+_Bigger_d_2,slot_f1/dev,30,0.9189821481704712
2A,2A_20260530_184501_More_heads_2+_Bigger_d_2,slot_f1/dev,31,0.9225372672080994
2A,2A_20260530_184501_More_heads_2+_Bigger_d_2,slot_f1/dev,32,0.92136150598526
2A,2A_20260530_184501_More_heads_2+_Bigger_d_2,slot_f1/dev,33,0.9253294467926025
2A,2A_20260530_184501_More_heads_2+_Bigger_d_2,slot_f1/dev,34,0.9236618876457214
2A,2A_20260530_184501_More_heads_2+_Bigger_d_2,slot_f1/dev,35,0.9236618876457214
2A,2A_20260530_184501_More_heads_2+_Bigger_d_2,slot_f1/dev,36,0.923346996307373
2A,2A_20260530_184501_More_heads_2+_Bigger_d_2,slot_f1/dev,37,0.9250146746635437
2A,2A_20260530_184501_More_heads_2+_Bigger_d_2,slot_f1/dev,38,0.9237089157104492
2A,2A_20260530_184501_More_heads_2+_Bigger_d_2,intent_acc/dev,0,0.736947774887085
2A,2A_20260530_184501_More_heads_2+_Bigger_d_2,intent_acc/dev,1,0.7469879388809204
2A,2A_20260530_184501_More_heads_2+_Bigger_d_2,intent_acc/dev,2,0.7610442042350769
2A,2A_20260530_184501_More_heads_2+_Bigger_d_2,intent_acc/dev,3,0.8253012299537659
2A,2A_20260530_184501_More_heads_2+_Bigger_d_2,intent_acc/dev,4,0.8694779276847839
2A,2A_20260530_184501_More_heads_2+_Bigger_d_2,intent_acc/dev,5,0.8975903391838074
2A,2A_20260530_184501_More_heads_2+_Bigger_d_2,intent_acc/dev,6,0.9116466045379639
2A,2A_20260530_184501_More_heads_2+_Bigger_d_2,intent_acc/dev,7,0.9216867685317993
2A,2A_20260530_184501_More_heads_2+_Bigger_d_2,intent_acc/dev,8,0.9257028102874756
2A,2A_20260530_184501_More_heads_2+_Bigger_d_2,intent_acc/dev,9,0.9417670965194702
2A,2A_20260530_184501_More_heads_2+_Bigger_d_2,intent_acc/dev,10,0.9457831382751465
2A,2A_20260530_184501_More_heads_2+_Bigger_d_2,intent_acc/dev,11,0.9457831382751465
2A,2A_20260530_184501_More_heads_2+_Bigger_d_2,intent_acc/dev,12,0.9538152813911438
2A,2A_20260530_184501_More_heads_2+_Bigger_d_2,intent_acc/dev,13,0.9518072009086609
2A,2A_20260530_184501_More_heads_2+_Bigger_d_2,intent_acc/dev,14,0.9497991800308228
2A,2A_20260530_184501_More_heads_2+_Bigger_d_2,intent_acc/dev,15,0.9538152813911438
2A,2A_20260530_184501_More_heads_2+_Bigger_d_2,intent_acc/dev,16,0.9518072009086609
2A,2A_20260530_184501_More_heads_2+_Bigger_d_2,intent_acc/dev,17,0.9497991800308228
2A,2A_20260530_184501_More_heads_2+_Bigger_d_2,intent_acc/dev,18,0.9497991800308228
2A,2A_20260530_184501_More_heads_2+_Bigger_d_2,intent_acc/dev,19,0.9518072009086609
2A,2A_20260530_184501_More_heads_2+_Bigger_d_2,intent_acc/dev,20,0.9558233022689819
2A,2A_20260530_184501_More_heads_2+_Bigger_d_2,intent_acc/dev,21,0.9558233022689819
2A,2A_20260530_184501_More_heads_2+_Bigger_d_2,intent_acc/dev,22,0.9477911591529846
2A,2A_20260530_184501_More_heads_2+_Bigger_d_2,intent_acc/dev,23,0.9457831382751465
2A,2A_20260530_184501_More_heads_2+_Bigger_d_2,intent_acc/dev,24,0.9558233022689819
2A,2A_20260530_184501_More_heads_2+_Bigger_d_2,intent_acc/dev,25,0.9518072009086609
2A,2A_20260530_184501_More_heads_2+_Bigger_d_2,intent_acc/dev,26,0.9477911591529846
2A,2A_20260530_184501_More_heads_2+_Bigger_d_2,intent_acc/dev,27,0.9578313231468201
2A,2A_20260530_184501_More_heads_2+_Bigger_d_2,intent_acc/dev,28,0.9558233022689819
2A,2A_20260530_184501_More_heads_2+_Bigger_d_2,intent_acc/dev,29,0.9638554453849792
2A,2A_20260530_184501_More_heads_2+_Bigger_d_2,intent_acc/dev,30,0.9618473649024963
2A,2A_20260530_184501_More_heads_2+_Bigger_d_2,intent_acc/dev,31,0.9558233022689819
2A,2A_20260530_184501_More_heads_2+_Bigger_d_2,intent_acc/dev,32,0.9638554453849792
2A,2A_20260530_184501_More_heads_2+_Bigger_d_2,intent_acc/dev,33,0.9598393440246582
2A,2A_20260530_184501_More_heads_2+_Bigger_d_2,intent_acc/dev,34,0.9638554453849792
2A,2A_20260530_184501_More_heads_2+_Bigger_d_2,intent_acc/dev,35,0.9618473649024963
2A,2A_20260530_184501_More_heads_2+_Bigger_d_2,intent_acc/dev,36,0.9598393440246582
2A,2A_20260530_184501_More_heads_2+_Bigger_d_2,intent_acc/dev,37,0.9618473649024963
2A,2A_20260530_184501_More_heads_2+_Bigger_d_2,intent_acc/dev,38,0.9638554453849792
2A,2A_20260530_185054_More_layers_2+More_heads_2+Bigger_d_2,slot_f1/test,0,0.0
2A,2A_20260530_185054_More_layers_2+More_heads_2+Bigger_d_2,slot_f1/test,5,0.6934306621551514
2A,2A_20260530_185054_More_layers_2+More_heads_2+Bigger_d_2,slot_f1/test,10,0.8034873604774475
2A,2A_20260530_185054_More_layers_2+More_heads_2+Bigger_d_2,slot_f1/test,15,0.851003885269165
2A,2A_20260530_185054_More_layers_2+More_heads_2+Bigger_d_2,slot_f1/test,20,0.8661749362945557
2A,2A_20260530_185054_More_layers_2+More_heads_2+Bigger_d_2,slot_f1/test,25,0.8759458065032959
2A,2A_20260530_185054_More_layers_2+More_heads_2+Bigger_d_2,slot_f1/test,30,0.8767555952072144
2A,2A_20260530_185054_More_layers_2+More_heads_2+Bigger_d_2,slot_f1/test,100,0.8770448565483093
2A,2A_20260530_185054_More_layers_2+More_heads_2+Bigger_d_2,intent_acc/test,0,0.707726776599884
2A,2A_20260530_185054_More_layers_2+More_heads_2+Bigger_d_2,intent_acc/test,5,0.8555431365966797
2A,2A_20260530_185054_More_layers_2+More_heads_2+Bigger_d_2,intent_acc/test,10,0.9115341305732727
2A,2A_20260530_185054_More_layers_2+More_heads_2+Bigger_d_2,intent_acc/test,15,0.913773775100708
2A,2A_20260530_185054_More_layers_2+More_heads_2+Bigger_d_2,intent_acc/test,20,0.9204927086830139
2A,2A_20260530_185054_More_layers_2+More_heads_2+Bigger_d_2,intent_acc/test,25,0.9227323532104492
2A,2A_20260530_185054_More_layers_2+More_heads_2+Bigger_d_2,intent_acc/test,30,0.9272116422653198
2A,2A_20260530_185054_More_layers_2+More_heads_2+Bigger_d_2,intent_acc/test,100,0.9204927086830139
2A,2A_20260530_185054_More_layers_2+More_heads_2+Bigger_d_2,loss/train,0,4.520768642425537
2A,2A_20260530_185054_More_layers_2+More_heads_2+Bigger_d_2,loss/train,1,2.5756735801696777
2A,2A_20260530_185054_More_layers_2+More_heads_2+Bigger_d_2,loss/train,2,2.2373390197753906
2A,2A_20260530_185054_More_layers_2+More_heads_2+Bigger_d_2,loss/train,3,1.608451008796692
2A,2A_20260530_185054_More_layers_2+More_heads_2+Bigger_d_2,loss/train,4,1.1275148391723633
2A,2A_20260530_185054_More_layers_2+More_heads_2+Bigger_d_2,loss/train,5,0.8510197997093201
2A,2A_20260530_185054_More_layers_2+More_heads_2+Bigger_d_2,loss/train,6,0.6460863351821899
2A,2A_20260530_185054_More_layers_2+More_heads_2+Bigger_d_2,loss/train,7,0.518290102481842
2A,2A_20260530_185054_More_layers_2+More_heads_2+Bigger_d_2,loss/train,8,0.4140239953994751
2A,2A_20260530_185054_More_layers_2+More_heads_2+Bigger_d_2,loss/train,9,0.33462318778038025
2A,2A_20260530_185054_More_layers_2+More_heads_2+Bigger_d_2,loss/train,10,0.28372877836227417
2A,2A_20260530_185054_More_layers_2+More_heads_2+Bigger_d_2,loss/train,11,0.2522232234477997
2A,2A_20260530_185054_More_layers_2+More_heads_2+Bigger_d_2,loss/train,12,0.2239353358745575
2A,2A_20260530_185054_More_layers_2+More_heads_2+Bigger_d_2,loss/train,13,0.188637837767601
2A,2A_20260530_185054_More_layers_2+More_heads_2+Bigger_d_2,loss/train,14,0.15457339584827423
2A,2A_20260530_185054_More_layers_2+More_heads_2+Bigger_d_2,loss/train,15,0.1286880075931549
2A,2A_20260530_185054_More_layers_2+More_heads_2+Bigger_d_2,loss/train,16,0.10951836407184601
2A,2A_20260530_185054_More_layers_2+More_heads_2+Bigger_d_2,loss/train,17,0.08964109420776367
2A,2A_20260530_185054_More_layers_2+More_heads_2+Bigger_d_2,loss/train,18,0.073931485414505
2A,2A_20260530_185054_More_layers_2+More_heads_2+Bigger_d_2,loss/train,19,0.0627022460103035
2A,2A_20260530_185054_More_layers_2+More_heads_2+Bigger_d_2,loss/train,20,0.05196383595466614
2A,2A_20260530_185054_More_layers_2+More_heads_2+Bigger_d_2,loss/train,21,0.045203544199466705
2A,2A_20260530_185054_More_layers_2+More_heads_2+Bigger_d_2,loss/train,22,0.03840320557355881
2A,2A_20260530_185054_More_layers_2+More_heads_2+Bigger_d_2,loss/train,23,0.0335177406668663
2A,2A_20260530_185054_More_layers_2+More_heads_2+Bigger_d_2,loss/train,24,0.029698766767978668
2A,2A_20260530_185054_More_layers_2+More_heads_2+Bigger_d_2,loss/train,25,0.0266355462372303
2A,2A_20260530_185054_More_layers_2+More_heads_2+Bigger_d_2,loss/train,26,0.022792283445596695
2A,2A_20260530_185054_More_layers_2+More_heads_2+Bigger_d_2,loss/train,27,0.019941968843340874
2A,2A_20260530_185054_More_layers_2+More_heads_2+Bigger_d_2,loss/train,28,0.01796838827431202
2A,2A_20260530_185054_More_layers_2+More_heads_2+Bigger_d_2,loss/train,29,0.01588035747408867
2A,2A_20260530_185054_More_layers_2+More_heads_2+Bigger_d_2,loss/train,30,0.013830315321683884
2A,2A_20260530_185054_More_layers_2+More_heads_2+Bigger_d_2,loss/train,31,0.014274060726165771
2A,2A_20260530_185054_More_layers_2+More_heads_2+Bigger_d_2,loss/train,32,0.013326440937817097
2A,2A_20260530_185054_More_layers_2+More_heads_2+Bigger_d_2,loss/train,33,0.011705303564667702
2A,2A_20260530_185054_More_layers_2+More_heads_2+Bigger_d_2,loss/train,34,0.010462624952197075
2A,2A_20260530_185054_More_layers_2+More_heads_2+Bigger_d_2,slot_f1/dev,0,0.0
2A,2A_20260530_185054_More_layers_2+More_heads_2+Bigger_d_2,slot_f1/dev,1,0.23684950172901154
2A,2A_20260530_185054_More_layers_2+More_heads_2+Bigger_d_2,slot_f1/dev,2,0.40023404359817505
2A,2A_20260530_185054_More_layers_2+More_heads_2+Bigger_d_2,slot_f1/dev,3,0.5564804077148438
2A,2A_20260530_185054_More_layers_2+More_heads_2+Bigger_d_2,slot_f1/dev,4,0.6605450510978699
2A,2A_20260530_185054_More_layers_2+More_heads_2+Bigger_d_2,slot_f1/dev,5,0.7364746928215027
2A,2A_20260530_185054_More_layers_2+More_heads_2+Bigger_d_2,slot_f1/dev,6,0.7827354669570923
2A,2A_20260530_185054_More_layers_2+More_heads_2+Bigger_d_2,slot_f1/dev,7,0.80631023645401
2A,2A_20260530_185054_More_layers_2+More_heads_2+Bigger_d_2,slot_f1/dev,8,0.8370174169540405
2A,2A_20260530_185054_More_layers_2+More_heads_2+Bigger_d_2,slot_f1/dev,9,0.8480752110481262
2A,2A_20260530_185054_More_layers_2+More_heads_2+Bigger_d_2,slot_f1/dev,10,0.8461762070655823
2A,2A_20260530_185054_More_layers_2+More_heads_2+Bigger_d_2,slot_f1/dev,11,0.8636897802352905
2A,2A_20260530_185054_More_layers_2+More_heads_2+Bigger_d_2,slot_f1/dev,12,0.8694632053375244
2A,2A_20260530_185054_More_layers_2+More_heads_2+Bigger_d_2,slot_f1/dev,13,0.876173734664917
2A,2A_20260530_185054_More_layers_2+More_heads_2+Bigger_d_2,slot_f1/dev,14,0.8830633163452148
2A,2A_20260530_185054_More_layers_2+More_heads_2+Bigger_d_2,slot_f1/dev,15,0.9057268500328064
2A,2A_20260530_185054_More_layers_2+More_heads_2+Bigger_d_2,slot_f1/dev,16,0.910478413105011
2A,2A_20260530_185054_More_layers_2+More_heads_2+Bigger_d_2,slot_f1/dev,17,0.9102112650871277
2A,2A_20260530_185054_More_layers_2+More_heads_2+Bigger_d_2,slot_f1/dev,18,0.9209520816802979
2A,2A_20260530_185054_More_layers_2+More_heads_2+Bigger_d_2,slot_f1/dev,19,0.9173240065574646
2A,2A_20260530_185054_More_layers_2+More_heads_2+Bigger_d_2,slot_f1/dev,20,0.9224011898040771
2A,2A_20260530_185054_More_layers_2+More_heads_2+Bigger_d_2,slot_f1/dev,21,0.9248318076133728
2A,2A_20260530_185054_More_layers_2+More_heads_2+Bigger_d_2,slot_f1/dev,22,0.9239766001701355
2A,2A_20260530_185054_More_layers_2+More_heads_2+Bigger_d_2,slot_f1/dev,23,0.9253294467926025
2A,2A_20260530_185054_More_layers_2+More_heads_2+Bigger_d_2,slot_f1/dev,24,0.9288016557693481
2A,2A_20260530_185054_More_layers_2+More_heads_2+Bigger_d_2,slot_f1/dev,25,0.9302052855491638
2A,2A_20260530_185054_More_layers_2+More_heads_2+Bigger_d_2,slot_f1/dev,26,0.9286966919898987
2A,2A_20260530_185054_More_layers_2+More_heads_2+Bigger_d_2,slot_f1/dev,27,0.9322779178619385
2A,2A_20260530_185054_More_layers_2+More_heads_2+Bigger_d_2,slot_f1/dev,28,0.9303964972496033
2A,2A_20260530_185054_More_layers_2+More_heads_2+Bigger_d_2,slot_f1/dev,29,0.935957670211792
2A,2A_20260530_185054_More_layers_2+More_heads_2+Bigger_d_2,slot_f1/dev,30,0.9291568994522095
2A,2A_20260530_185054_More_layers_2+More_heads_2+Bigger_d_2,slot_f1/dev,31,0.9285506010055542
2A,2A_20260530_185054_More_layers_2+More_heads_2+Bigger_d_2,slot_f1/dev,32,0.9289681315422058
2A,2A_20260530_185054_More_layers_2+More_heads_2+Bigger_d_2,slot_f1/dev,33,0.9314587116241455
2A,2A_20260530_185054_More_layers_2+More_heads_2+Bigger_d_2,slot_f1/dev,34,0.9327854514122009
2A,2A_20260530_185054_More_layers_2+More_heads_2+Bigger_d_2,intent_acc/dev,0,0.736947774887085
2A,2A_20260530_185054_More_layers_2+More_heads_2+Bigger_d_2,intent_acc/dev,1,0.736947774887085
2A,2A_20260530_185054_More_layers_2+More_heads_2+Bigger_d_2,intent_acc/dev,2,0.736947774887085
2A,2A_20260530_185054_More_layers_2+More_heads_2+Bigger_d_2,intent_acc/dev,3,0.8594377636909485
2A,2A_20260530_185054_More_layers_2+More_heads_2+Bigger_d_2,intent_acc/dev,4,0.8955823183059692
2A,2A_20260530_185054_More_layers_2+More_heads_2+Bigger_d_2,intent_acc/dev,5,0.9116466045379639
2A,2A_20260530_185054_More_layers_2+More_heads_2+Bigger_d_2,intent_acc/dev,6,0.9317269325256348
2A,2A_20260530_185054_More_layers_2+More_heads_2+Bigger_d_2,intent_acc/dev,7,0.9377509951591492
2A,2A_20260530_185054_More_layers_2+More_heads_2+Bigger_d_2,intent_acc/dev,8,0.9477911591529846
2A,2A_20260530_185054_More_layers_2+More_heads_2+Bigger_d_2,intent_acc/dev,9,0.9477911591529846
2A,2A_20260530_185054_More_layers_2+More_heads_2+Bigger_d_2,intent_acc/dev,10,0.9518072009086609
2A,2A_20260530_185054_More_layers_2+More_heads_2+Bigger_d_2,intent_acc/dev,11,0.9538152813911438
2A,2A_20260530_185054_More_layers_2+More_heads_2+Bigger_d_2,intent_acc/dev,12,0.9457831382751465
2A,2A_20260530_185054_More_layers_2+More_heads_2+Bigger_d_2,intent_acc/dev,13,0.9718875288963318
2A,2A_20260530_185054_More_layers_2+More_heads_2+Bigger_d_2,intent_acc/dev,14,0.9618473649024963
2A,2A_20260530_185054_More_layers_2+More_heads_2+Bigger_d_2,intent_acc/dev,15,0.9638554453849792
2A,2A_20260530_185054_More_layers_2+More_heads_2+Bigger_d_2,intent_acc/dev,16,0.9678714871406555
2A,2A_20260530_185054_More_layers_2+More_heads_2+Bigger_d_2,intent_acc/dev,17,0.9578313231468201
2A,2A_20260530_185054_More_layers_2+More_heads_2+Bigger_d_2,intent_acc/dev,18,0.9658634662628174
2A,2A_20260530_185054_More_layers_2+More_heads_2+Bigger_d_2,intent_acc/dev,19,0.9678714871406555
2A,2A_20260530_185054_More_layers_2+More_heads_2+Bigger_d_2,intent_acc/dev,20,0.9658634662628174
2A,2A_20260530_185054_More_layers_2+More_heads_2+Bigger_d_2,intent_acc/dev,21,0.9678714871406555
2A,2A_20260530_185054_More_layers_2+More_heads_2+Bigger_d_2,intent_acc/dev,22,0.9678714871406555
2A,2A_20260530_185054_More_layers_2+More_heads_2+Bigger_d_2,intent_acc/dev,23,0.9658634662628174
2A,2A_20260530_185054_More_layers_2+More_heads_2+Bigger_d_2,intent_acc/dev,24,0.9638554453849792
2A,2A_20260530_185054_More_layers_2+More_heads_2+Bigger_d_2,intent_acc/dev,25,0.9638554453849792
2A,2A_20260530_185054_More_layers_2+More_heads_2+Bigger_d_2,intent_acc/dev,26,0.9658634662628174
2A,2A_20260530_185054_More_layers_2+More_heads_2+Bigger_d_2,intent_acc/dev,27,0.9658634662628174
2A,2A_20260530_185054_More_layers_2+More_heads_2+Bigger_d_2,intent_acc/dev,28,0.9658634662628174
2A,2A_20260530_185054_More_layers_2+More_heads_2+Bigger_d_2,intent_acc/dev,29,0.9658634662628174
2A,2A_20260530_185054_More_layers_2+More_heads_2+Bigger_d_2,intent_acc/dev,30,0.9698795080184937
2A,2A_20260530_185054_More_layers_2+More_heads_2+Bigger_d_2,intent_acc/dev,31,0.9698795080184937
2A,2A_20260530_185054_More_layers_2+More_heads_2+Bigger_d_2,intent_acc/dev,32,0.9678714871406555
2A,2A_20260530_185054_More_layers_2+More_heads_2+Bigger_d_2,intent_acc/dev,33,0.9678714871406555
2A,2A_20260530_185054_More_layers_2+More_heads_2+Bigger_d_2,intent_acc/dev,34,0.9718875288963318
2A,2A_20260530_184535_More_layers+Bigger_d,slot_f1/test,0,0.0
2A,2A_20260530_184535_More_layers+Bigger_d,slot_f1/test,5,0.5131928324699402
2A,2A_20260530_184535_More_layers+Bigger_d,slot_f1/test,10,0.71296626329422
2A,2A_20260530_184535_More_layers+Bigger_d,slot_f1/test,15,0.7806520462036133
2A,2A_20260530_184535_More_layers+Bigger_d,slot_f1/test,20,0.8035180568695068
2A,2A_20260530_184535_More_layers+Bigger_d,slot_f1/test,25,0.820171594619751
2A,2A_20260530_184535_More_layers+Bigger_d,slot_f1/test,30,0.8394759893417358
2A,2A_20260530_184535_More_layers+Bigger_d,slot_f1/test,35,0.8588892817497253
2A,2A_20260530_184535_More_layers+Bigger_d,slot_f1/test,40,0.8701729774475098
2A,2A_20260530_184535_More_layers+Bigger_d,slot_f1/test,45,0.8717322945594788
2A,2A_20260530_184535_More_layers+Bigger_d,slot_f1/test,50,0.8782274723052979
2A,2A_20260530_184535_More_layers+Bigger_d,slot_f1/test,55,0.8802374005317688
2A,2A_20260530_184535_More_layers+Bigger_d,slot_f1/test,100,0.8714211583137512
2A,2A_20260530_184535_More_layers+Bigger_d,intent_acc/test,0,0.707726776599884
2A,2A_20260530_184535_More_layers+Bigger_d,intent_acc/test,5,0.7547592520713806
2A,2A_20260530_184535_More_layers+Bigger_d,intent_acc/test,10,0.8544232845306396
2A,2A_20260530_184535_More_layers+Bigger_d,intent_acc/test,15,0.8779395222663879
2A,2A_20260530_184535_More_layers+Bigger_d,intent_acc/test,20,0.8947368264198303
2A,2A_20260530_184535_More_layers+Bigger_d,intent_acc/test,25,0.8947368264198303
2A,2A_20260530_184535_More_layers+Bigger_d,intent_acc/test,30,0.9070548415184021
2A,2A_20260530_184535_More_layers+Bigger_d,intent_acc/test,35,0.914893627166748
2A,2A_20260530_184535_More_layers+Bigger_d,intent_acc/test,40,0.9160134196281433
2A,2A_20260530_184535_More_layers+Bigger_d,intent_acc/test,45,0.9092944860458374
2A,2A_20260530_184535_More_layers+Bigger_d,intent_acc/test,50,0.9249719977378845
2A,2A_20260530_184535_More_layers+Bigger_d,intent_acc/test,55,0.9260918498039246
2A,2A_20260530_184535_More_layers+Bigger_d,intent_acc/test,100,0.9272116422653198
2A,2A_20260530_184535_More_layers+Bigger_d,loss/train,0,5.80537748336792
2A,2A_20260530_184535_More_layers+Bigger_d,loss/train,1,2.9685230255126953
2A,2A_20260530_184535_More_layers+Bigger_d,loss/train,2,2.511317253112793
2A,2A_20260530_184535_More_layers+Bigger_d,loss/train,3,2.1042592525482178
2A,2A_20260530_184535_More_layers+Bigger_d,loss/train,4,1.8386422395706177
2A,2A_20260530_184535_More_layers+Bigger_d,loss/train,5,1.6182682514190674
2A,2A_20260530_184535_More_layers+Bigger_d,loss/train,6,1.401839256286621
2A,2A_20260530_184535_More_layers+Bigger_d,loss/train,7,1.2360641956329346
2A,2A_20260530_184535_More_layers+Bigger_d,loss/train,8,1.0785911083221436
2A,2A_20260530_184535_More_layers+Bigger_d,loss/train,9,0.9210604429244995
2A,2A_20260530_184535_More_layers+Bigger_d,loss/train,10,0.8118562698364258
2A,2A_20260530_184535_More_layers+Bigger_d,loss/train,11,0.6848689913749695
2A,2A_20260530_184535_More_layers+Bigger_d,loss/train,12,0.6062372326850891
2A,2A_20260530_184535_More_layers+Bigger_d,loss/train,13,0.5436195135116577
2A,2A_20260530_184535_More_layers+Bigger_d,loss/train,14,0.49163687229156494
2A,2A_20260530_184535_More_layers+Bigger_d,loss/train,15,0.4451424777507782
2A,2A_20260530_184535_More_layers+Bigger_d,loss/train,16,0.4074231684207916
2A,2A_20260530_184535_More_layers+Bigger_d,loss/train,17,0.3763412833213806
2A,2A_20260530_184535_More_layers+Bigger_d,loss/train,18,0.34673771262168884
2A,2A_20260530_184535_More_layers+Bigger_d,loss/train,19,0.3273625373840332
2A,2A_20260530_184535_More_layers+Bigger_d,loss/train,20,0.31076112389564514
2A,2A_20260530_184535_More_layers+Bigger_d,loss/train,21,0.29611173272132874
2A,2A_20260530_184535_More_layers+Bigger_d,loss/train,22,0.2693236172199249
2A,2A_20260530_184535_More_layers+Bigger_d,loss/train,23,0.2441600263118744
2A,2A_20260530_184535_More_layers+Bigger_d,loss/train,24,0.22904491424560547
2A,2A_20260530_184535_More_layers+Bigger_d,loss/train,25,0.2139056771993637
2A,2A_20260530_184535_More_layers+Bigger_d,loss/train,26,0.20662245154380798
2A,2A_20260530_184535_More_layers+Bigger_d,loss/train,27,0.19155524671077728
2A,2A_20260530_184535_More_layers+Bigger_d,loss/train,28,0.1901077777147293
2A,2A_20260530_184535_More_layers+Bigger_d,loss/train,29,0.1762574017047882
2A,2A_20260530_184535_More_layers+Bigger_d,loss/train,30,0.16128988564014435
2A,2A_20260530_184535_More_layers+Bigger_d,loss/train,31,0.14882272481918335
2A,2A_20260530_184535_More_layers+Bigger_d,loss/train,32,0.1393863409757614
2A,2A_20260530_184535_More_layers+Bigger_d,loss/train,33,0.12808118760585785
2A,2A_20260530_184535_More_layers+Bigger_d,loss/train,34,0.11851499229669571
2A,2A_20260530_184535_More_layers+Bigger_d,loss/train,35,0.11296896636486053
2A,2A_20260530_184535_More_layers+Bigger_d,loss/train,36,0.10568170994520187
2A,2A_20260530_184535_More_layers+Bigger_d,loss/train,37,0.09768509119749069
2A,2A_20260530_184535_More_layers+Bigger_d,loss/train,38,0.09058038145303726
2A,2A_20260530_184535_More_layers+Bigger_d,loss/train,39,0.08620841056108475
2A,2A_20260530_184535_More_layers+Bigger_d,loss/train,40,0.08113320171833038
2A,2A_20260530_184535_More_layers+Bigger_d,loss/train,41,0.07757823914289474
2A,2A_20260530_184535_More_layers+Bigger_d,loss/train,42,0.07325198501348495
2A,2A_20260530_184535_More_layers+Bigger_d,loss/train,43,0.06965965032577515
2A,2A_20260530_184535_More_layers+Bigger_d,loss/train,44,0.06768952310085297
2A,2A_20260530_184535_More_layers+Bigger_d,loss/train,45,0.06483511626720428
2A,2A_20260530_184535_More_layers+Bigger_d,loss/train,46,0.06133129820227623
2A,2A_20260530_184535_More_layers+Bigger_d,loss/train,47,0.058554645627737045
2A,2A_20260530_184535_More_layers+Bigger_d,loss/train,48,0.05614924058318138
2A,2A_20260530_184535_More_layers+Bigger_d,loss/train,49,0.05310426652431488
2A,2A_20260530_184535_More_layers+Bigger_d,loss/train,50,0.04941914603114128
2A,2A_20260530_184535_More_layers+Bigger_d,loss/train,51,0.04651770368218422
2A,2A_20260530_184535_More_layers+Bigger_d,loss/train,52,0.044620342552661896
2A,2A_20260530_184535_More_layers+Bigger_d,loss/train,53,0.04194806143641472
2A,2A_20260530_184535_More_layers+Bigger_d,loss/train,54,0.04005059227347374
2A,2A_20260530_184535_More_layers+Bigger_d,loss/train,55,0.0386912003159523
2A,2A_20260530_184535_More_layers+Bigger_d,loss/train,56,0.036766134202480316
2A,2A_20260530_184535_More_layers+Bigger_d,loss/train,57,0.0344695970416069
2A,2A_20260530_184535_More_layers+Bigger_d,loss/train,58,0.03240874037146568
2A,2A_20260530_184535_More_layers+Bigger_d,slot_f1/dev,0,0.0
2A,2A_20260530_184535_More_layers+Bigger_d,slot_f1/dev,1,0.0011806375114247203
2A,2A_20260530_184535_More_layers+Bigger_d,slot_f1/dev,2,0.3351762294769287
2A,2A_20260530_184535_More_layers+Bigger_d,slot_f1/dev,3,0.3840673565864563
2A,2A_20260530_184535_More_layers+Bigger_d,slot_f1/dev,4,0.4833948314189911
2A,2A_20260530_184535_More_layers+Bigger_d,slot_f1/dev,5,0.5327459573745728
2A,2A_20260530_184535_More_layers+Bigger_d,slot_f1/dev,6,0.5798394083976746
2A,2A_20260530_184535_More_layers+Bigger_d,slot_f1/dev,7,0.5980707406997681
2A,2A_20260530_184535_More_layers+Bigger_d,slot_f1/dev,8,0.6654970645904541
2A,2A_20260530_184535_More_layers+Bigger_d,slot_f1/dev,9,0.7095447778701782
2A,2A_20260530_184535_More_layers+Bigger_d,slot_f1/dev,10,0.7406973242759705
2A,2A_20260530_184535_More_layers+Bigger_d,slot_f1/dev,11,0.76115483045578
2A,2A_20260530_184535_More_layers+Bigger_d,slot_f1/dev,12,0.7917525768280029
2A,2A_20260530_184535_More_layers+Bigger_d,slot_f1/dev,13,0.8016480207443237
2A,2A_20260530_184535_More_layers+Bigger_d,slot_f1/dev,14,0.8172737956047058
2A,2A_20260530_184535_More_layers+Bigger_d,slot_f1/dev,15,0.8238753080368042
2A,2A_20260530_184535_More_layers+Bigger_d,slot_f1/dev,16,0.8305882215499878
2A,2A_20260530_184535_More_layers+Bigger_d,slot_f1/dev,17,0.8282532095909119
2A,2A_20260530_184535_More_layers+Bigger_d,slot_f1/dev,18,0.8434935808181763
2A,2A_20260530_184535_More_layers+Bigger_d,slot_f1/dev,19,0.8444313406944275
2A,2A_20260530_184535_More_layers+Bigger_d,slot_f1/dev,20,0.8469896912574768
2A,2A_20260530_184535_More_layers+Bigger_d,slot_f1/dev,21,0.8496923446655273
2A,2A_20260530_184535_More_layers+Bigger_d,slot_f1/dev,22,0.851038932800293
2A,2A_20260530_184535_More_layers+Bigger_d,slot_f1/dev,23,0.8554710149765015
2A,2A_20260530_184535_More_layers+Bigger_d,slot_f1/dev,24,0.8568930625915527
2A,2A_20260530_184535_More_layers+Bigger_d,slot_f1/dev,25,0.8604105710983276
2A,2A_20260530_184535_More_layers+Bigger_d,slot_f1/dev,26,0.8634103536605835
2A,2A_20260530_184535_More_layers+Bigger_d,slot_f1/dev,27,0.8720964193344116
2A,2A_20260530_184535_More_layers+Bigger_d,slot_f1/dev,28,0.877718985080719
2A,2A_20260530_184535_More_layers+Bigger_d,slot_f1/dev,29,0.8779918551445007
2A,2A_20260530_184535_More_layers+Bigger_d,slot_f1/dev,30,0.8823873400688171
2A,2A_20260530_184535_More_layers+Bigger_d,slot_f1/dev,31,0.8806319236755371
2A,2A_20260530_184535_More_layers+Bigger_d,slot_f1/dev,32,0.8856304883956909
2A,2A_20260530_184535_More_layers+Bigger_d,slot_f1/dev,33,0.8895400166511536
2A,2A_20260530_184535_More_layers+Bigger_d,slot_f1/dev,34,0.896774172782898
2A,2A_20260530_184535_More_layers+Bigger_d,slot_f1/dev,35,0.8958638906478882
2A,2A_20260530_184535_More_layers+Bigger_d,slot_f1/dev,36,0.8985083103179932
2A,2A_20260530_184535_More_layers+Bigger_d,slot_f1/dev,37,0.9041898846626282
2A,2A_20260530_184535_More_layers+Bigger_d,slot_f1/dev,38,0.9130434989929199
2A,2A_20260530_184535_More_layers+Bigger_d,slot_f1/dev,39,0.9169590473175049
2A,2A_20260530_184535_More_layers+Bigger_d,slot_f1/dev,40,0.913616418838501
2A,2A_20260530_184535_More_layers+Bigger_d,slot_f1/dev,41,0.9170817732810974
2A,2A_20260530_184535_More_layers+Bigger_d,slot_f1/dev,42,0.9211375117301941
2A,2A_20260530_184535_More_layers+Bigger_d,slot_f1/dev,43,0.9196009635925293
2A,2A_20260530_184535_More_layers+Bigger_d,slot_f1/dev,44,0.9193311929702759
2A,2A_20260530_184535_More_layers+Bigger_d,slot_f1/dev,45,0.9228965044021606
2A,2A_20260530_184535_More_layers+Bigger_d,slot_f1/dev,46,0.9239354133605957
2A,2A_20260530_184535_More_layers+Bigger_d,slot_f1/dev,47,0.9243401885032654
2A,2A_20260530_184535_More_layers+Bigger_d,slot_f1/dev,48,0.9241622686386108
2A,2A_20260530_184535_More_layers+Bigger_d,slot_f1/dev,49,0.9309433102607727
2A,2A_20260530_184535_More_layers+Bigger_d,slot_f1/dev,50,0.9289071559906006
2A,2A_20260530_184535_More_layers+Bigger_d,slot_f1/dev,51,0.9300411343574524
2A,2A_20260530_184535_More_layers+Bigger_d,slot_f1/dev,52,0.931731641292572
2A,2A_20260530_184535_More_layers+Bigger_d,slot_f1/dev,53,0.9345465302467346
2A,2A_20260530_184535_More_layers+Bigger_d,slot_f1/dev,54,0.9280470013618469
2A,2A_20260530_184535_More_layers+Bigger_d,slot_f1/dev,55,0.9318848848342896
2A,2A_20260530_184535_More_layers+Bigger_d,slot_f1/dev,56,0.934036910533905
2A,2A_20260530_184535_More_layers+Bigger_d,slot_f1/dev,57,0.9269580245018005
2A,2A_20260530_184535_More_layers+Bigger_d,slot_f1/dev,58,0.9333724975585938
2A,2A_20260530_184535_More_layers+Bigger_d,intent_acc/dev,0,0.736947774887085
2A,2A_20260530_184535_More_layers+Bigger_d,intent_acc/dev,1,0.736947774887085
2A,2A_20260530_184535_More_layers+Bigger_d,intent_acc/dev,2,0.7610442042350769
2A,2A_20260530_184535_More_layers+Bigger_d,intent_acc/dev,3,0.7550200819969177
2A,2A_20260530_184535_More_layers+Bigger_d,intent_acc/dev,4,0.7570281028747559
2A,2A_20260530_184535_More_layers+Bigger_d,intent_acc/dev,5,0.7751004099845886
2A,2A_20260530_184535_More_layers+Bigger_d,intent_acc/dev,6,0.8333333134651184
2A,2A_20260530_184535_More_layers+Bigger_d,intent_acc/dev,7,0.8594377636909485
2A,2A_20260530_184535_More_layers+Bigger_d,intent_acc/dev,8,0.8795180916786194
2A,2A_20260530_184535_More_layers+Bigger_d,intent_acc/dev,9,0.891566276550293
2A,2A_20260530_184535_More_layers+Bigger_d,intent_acc/dev,10,0.8955823183059692
2A,2A_20260530_184535_More_layers+Bigger_d,intent_acc/dev,11,0.9116466045379639
2A,2A_20260530_184535_More_layers+Bigger_d,intent_acc/dev,12,0.9116466045379639
2A,2A_20260530_184535_More_layers+Bigger_d,intent_acc/dev,13,0.9277108311653137
2A,2A_20260530_184535_More_layers+Bigger_d,intent_acc/dev,14,0.9297188520431519
2A,2A_20260530_184535_More_layers+Bigger_d,intent_acc/dev,15,0.9377509951591492
2A,2A_20260530_184535_More_layers+Bigger_d,intent_acc/dev,16,0.9377509951591492
2A,2A_20260530_184535_More_layers+Bigger_d,intent_acc/dev,17,0.9397590160369873
2A,2A_20260530_184535_More_layers+Bigger_d,intent_acc/dev,18,0.9497991800308228
2A,2A_20260530_184535_More_layers+Bigger_d,intent_acc/dev,19,0.9277108311653137
2A,2A_20260530_184535_More_layers+Bigger_d,intent_acc/dev,20,0.9417670965194702
2A,2A_20260530_184535_More_layers+Bigger_d,intent_acc/dev,21,0.9497991800308228
2A,2A_20260530_184535_More_layers+Bigger_d,intent_acc/dev,22,0.9457831382751465
2A,2A_20260530_184535_More_layers+Bigger_d,intent_acc/dev,23,0.9497991800308228
2A,2A_20260530_184535_More_layers+Bigger_d,intent_acc/dev,24,0.9538152813911438
2A,2A_20260530_184535_More_layers+Bigger_d,intent_acc/dev,25,0.9497991800308228
2A,2A_20260530_184535_More_layers+Bigger_d,intent_acc/dev,26,0.9558233022689819
2A,2A_20260530_184535_More_layers+Bigger_d,intent_acc/dev,27,0.9497991800308228
2A,2A_20260530_184535_More_layers+Bigger_d,intent_acc/dev,28,0.9598393440246582
2A,2A_20260530_184535_More_layers+Bigger_d,intent_acc/dev,29,0.9598393440246582
2A,2A_20260530_184535_More_layers+Bigger_d,intent_acc/dev,30,0.9538152813911438
2A,2A_20260530_184535_More_layers+Bigger_d,intent_acc/dev,31,0.9598393440246582
2A,2A_20260530_184535_More_layers+Bigger_d,intent_acc/dev,32,0.9558233022689819
2A,2A_20260530_184535_More_layers+Bigger_d,intent_acc/dev,33,0.9618473649024963
2A,2A_20260530_184535_More_layers+Bigger_d,intent_acc/dev,34,0.9638554453849792
2A,2A_20260530_184535_More_layers+Bigger_d,intent_acc/dev,35,0.9558233022689819
2A,2A_20260530_184535_More_layers+Bigger_d,intent_acc/dev,36,0.9618473649024963
2A,2A_20260530_184535_More_layers+Bigger_d,intent_acc/dev,37,0.9558233022689819
2A,2A_20260530_184535_More_layers+Bigger_d,intent_acc/dev,38,0.9558233022689819
2A,2A_20260530_184535_More_layers+Bigger_d,intent_acc/dev,39,0.9558233022689819
2A,2A_20260530_184535_More_layers+Bigger_d,intent_acc/dev,40,0.9598393440246582
2A,2A_20260530_184535_More_layers+Bigger_d,intent_acc/dev,41,0.9598393440246582
2A,2A_20260530_184535_More_layers+Bigger_d,intent_acc/dev,42,0.9558233022689819
2A,2A_20260530_184535_More_layers+Bigger_d,intent_acc/dev,43,0.9598393440246582
2A,2A_20260530_184535_More_layers+Bigger_d,intent_acc/dev,44,0.9558233022689819
2A,2A_20260530_184535_More_layers+Bigger_d,intent_acc/dev,45,0.9518072009086609
2A,2A_20260530_184535_More_layers+Bigger_d,intent_acc/dev,46,0.9558233022689819
2A,2A_20260530_184535_More_layers+Bigger_d,intent_acc/dev,47,0.9598393440246582
2A,2A_20260530_184535_More_layers+Bigger_d,intent_acc/dev,48,0.9578313231468201
2A,2A_20260530_184535_More_layers+Bigger_d,intent_acc/dev,49,0.9618473649024963
2A,2A_20260530_184535_More_layers+Bigger_d,intent_acc/dev,50,0.9598393440246582
2A,2A_20260530_184535_More_layers+Bigger_d,intent_acc/dev,51,0.9598393440246582
2A,2A_20260530_184535_More_layers+Bigger_d,intent_acc/dev,52,0.9598393440246582
2A,2A_20260530_184535_More_layers+Bigger_d,intent_acc/dev,53,0.9558233022689819
2A,2A_20260530_184535_More_layers+Bigger_d,intent_acc/dev,54,0.9578313231468201
2A,2A_20260530_184535_More_layers+Bigger_d,intent_acc/dev,55,0.9598393440246582
2A,2A_20260530_184535_More_layers+Bigger_d,intent_acc/dev,56,0.9538152813911438
2A,2A_20260530_184535_More_layers+Bigger_d,intent_acc/dev,57,0.9598393440246582
2A,2A_20260530_184535_More_layers+Bigger_d,intent_acc/dev,58,0.9598393440246582
2A,2A_20260602_160555_Dropout0.3_+_More_layers_2+More_heads+Bigger_d_2,slot_f1/test,0,0.0
2A,2A_20260602_160555_Dropout0.3_+_More_layers_2+More_heads+Bigger_d_2,slot_f1/test,5,0.43421974778175354
2A,2A_20260602_160555_Dropout0.3_+_More_layers_2+More_heads+Bigger_d_2,slot_f1/test,10,0.7032620310783386
2A,2A_20260602_160555_Dropout0.3_+_More_layers_2+More_heads+Bigger_d_2,slot_f1/test,15,0.7837790250778198
2A,2A_20260602_160555_Dropout0.3_+_More_layers_2+More_heads+Bigger_d_2,slot_f1/test,20,0.8072972297668457
2A,2A_20260602_160555_Dropout0.3_+_More_layers_2+More_heads+Bigger_d_2,slot_f1/test,25,0.8271365761756897
2A,2A_20260602_160555_Dropout0.3_+_More_layers_2+More_heads+Bigger_d_2,slot_f1/test,30,0.8354119062423706
2A,2A_20260602_160555_Dropout0.3_+_More_layers_2+More_heads+Bigger_d_2,slot_f1/test,35,0.8529773354530334
2A,2A_20260602_160555_Dropout0.3_+_More_layers_2+More_heads+Bigger_d_2,slot_f1/test,40,0.8675718307495117
2A,2A_20260602_160555_Dropout0.3_+_More_layers_2+More_heads+Bigger_d_2,slot_f1/test,45,0.8721011877059937
2A,2A_20260602_160555_Dropout0.3_+_More_layers_2+More_heads+Bigger_d_2,slot_f1/test,50,0.8656349182128906
2A,2A_20260602_160555_Dropout0.3_+_More_layers_2+More_heads+Bigger_d_2,slot_f1/test,100,0.8756814002990723
2A,2A_20260602_160555_Dropout0.3_+_More_layers_2+More_heads+Bigger_d_2,intent_acc/test,0,0.707726776599884
2A,2A_20260602_160555_Dropout0.3_+_More_layers_2+More_heads+Bigger_d_2,intent_acc/test,5,0.74916011095047
2A,2A_20260602_160555_Dropout0.3_+_More_layers_2+More_heads+Bigger_d_2,intent_acc/test,10,0.8533034920692444
2A,2A_20260602_160555_Dropout0.3_+_More_layers_2+More_heads+Bigger_d_2,intent_acc/test,15,0.8723404407501221
2A,2A_20260602_160555_Dropout0.3_+_More_layers_2+More_heads+Bigger_d_2,intent_acc/test,20,0.892497181892395
2A,2A_20260602_160555_Dropout0.3_+_More_layers_2+More_heads+Bigger_d_2,intent_acc/test,25,0.9126539826393127
2A,2A_20260602_160555_Dropout0.3_+_More_layers_2+More_heads+Bigger_d_2,intent_acc/test,30,0.9104143381118774
2A,2A_20260602_160555_Dropout0.3_+_More_layers_2+More_heads+Bigger_d_2,intent_acc/test,35,0.913773775100708
2A,2A_20260602_160555_Dropout0.3_+_More_layers_2+More_heads+Bigger_d_2,intent_acc/test,40,0.9126539826393127
2A,2A_20260602_160555_Dropout0.3_+_More_layers_2+More_heads+Bigger_d_2,intent_acc/test,45,0.9092944860458374
2A,2A_20260602_160555_Dropout0.3_+_More_layers_2+More_heads+Bigger_d_2,intent_acc/test,50,0.8868981003761292
2A,2A_20260602_160555_Dropout0.3_+_More_layers_2+More_heads+Bigger_d_2,intent_acc/test,100,0.9081746935844421
2A,2A_20260602_160555_Dropout0.3_+_More_layers_2+More_heads+Bigger_d_2,loss/train,0,5.661681175231934
2A,2A_20260602_160555_Dropout0.3_+_More_layers_2+More_heads+Bigger_d_2,loss/train,1,2.955456018447876
2A,2A_20260602_160555_Dropout0.3_+_More_layers_2+More_heads+Bigger_d_2,loss/train,2,2.5476114749908447
2A,2A_20260602_160555_Dropout0.3_+_More_layers_2+More_heads+Bigger_d_2,loss/train,3,2.26977801322937
2A,2A_20260602_160555_Dropout0.3_+_More_layers_2+More_heads+Bigger_d_2,loss/train,4,2.0110175609588623
2A,2A_20260602_160555_Dropout0.3_+_More_layers_2+More_heads+Bigger_d_2,loss/train,5,1.7632211446762085
2A,2A_20260602_160555_Dropout0.3_+_More_layers_2+More_heads+Bigger_d_2,loss/train,6,1.5210356712341309
2A,2A_20260602_160555_Dropout0.3_+_More_layers_2+More_heads+Bigger_d_2,loss/train,7,1.2903053760528564
2A,2A_20260602_160555_Dropout0.3_+_More_layers_2+More_heads+Bigger_d_2,loss/train,8,1.0928527116775513
2A,2A_20260602_160555_Dropout0.3_+_More_layers_2+More_heads+Bigger_d_2,loss/train,9,0.9201972484588623
2A,2A_20260602_160555_Dropout0.3_+_More_layers_2+More_heads+Bigger_d_2,loss/train,10,0.8112220168113708
2A,2A_20260602_160555_Dropout0.3_+_More_layers_2+More_heads+Bigger_d_2,loss/train,11,0.7211441993713379
2A,2A_20260602_160555_Dropout0.3_+_More_layers_2+More_heads+Bigger_d_2,loss/train,12,0.6297824382781982
2A,2A_20260602_160555_Dropout0.3_+_More_layers_2+More_heads+Bigger_d_2,loss/train,13,0.5618753433227539
2A,2A_20260602_160555_Dropout0.3_+_More_layers_2+More_heads+Bigger_d_2,loss/train,14,0.49425846338272095
2A,2A_20260602_160555_Dropout0.3_+_More_layers_2+More_heads+Bigger_d_2,loss/train,15,0.45264962315559387
2A,2A_20260602_160555_Dropout0.3_+_More_layers_2+More_heads+Bigger_d_2,loss/train,16,0.41831690073013306
2A,2A_20260602_160555_Dropout0.3_+_More_layers_2+More_heads+Bigger_d_2,loss/train,17,0.36801788210868835
2A,2A_20260602_160555_Dropout0.3_+_More_layers_2+More_heads+Bigger_d_2,loss/train,18,0.3452645242214203
2A,2A_20260602_160555_Dropout0.3_+_More_layers_2+More_heads+Bigger_d_2,loss/train,19,0.3191794455051422
2A,2A_20260602_160555_Dropout0.3_+_More_layers_2+More_heads+Bigger_d_2,loss/train,20,0.29685476422309875
2A,2A_20260602_160555_Dropout0.3_+_More_layers_2+More_heads+Bigger_d_2,loss/train,21,0.29029127955436707
2A,2A_20260602_160555_Dropout0.3_+_More_layers_2+More_heads+Bigger_d_2,loss/train,22,0.2776554822921753
2A,2A_20260602_160555_Dropout0.3_+_More_layers_2+More_heads+Bigger_d_2,loss/train,23,0.24335800111293793
2A,2A_20260602_160555_Dropout0.3_+_More_layers_2+More_heads+Bigger_d_2,loss/train,24,0.2196473777294159
2A,2A_20260602_160555_Dropout0.3_+_More_layers_2+More_heads+Bigger_d_2,loss/train,25,0.20538057386875153
2A,2A_20260602_160555_Dropout0.3_+_More_layers_2+More_heads+Bigger_d_2,loss/train,26,0.1936546266078949
2A,2A_20260602_160555_Dropout0.3_+_More_layers_2+More_heads+Bigger_d_2,loss/train,27,0.19036324322223663
2A,2A_20260602_160555_Dropout0.3_+_More_layers_2+More_heads+Bigger_d_2,loss/train,28,0.19245214760303497
2A,2A_20260602_160555_Dropout0.3_+_More_layers_2+More_heads+Bigger_d_2,loss/train,29,0.18122746050357819
2A,2A_20260602_160555_Dropout0.3_+_More_layers_2+More_heads+Bigger_d_2,loss/train,30,0.17277128994464874
2A,2A_20260602_160555_Dropout0.3_+_More_layers_2+More_heads+Bigger_d_2,loss/train,31,0.15720176696777344
2A,2A_20260602_160555_Dropout0.3_+_More_layers_2+More_heads+Bigger_d_2,loss/train,32,0.13967525959014893
2A,2A_20260602_160555_Dropout0.3_+_More_layers_2+More_heads+Bigger_d_2,loss/train,33,0.12798018753528595
2A,2A_20260602_160555_Dropout0.3_+_More_layers_2+More_heads+Bigger_d_2,loss/train,34,0.11945575475692749
2A,2A_20260602_160555_Dropout0.3_+_More_layers_2+More_heads+Bigger_d_2,loss/train,35,0.10838098078966141
2A,2A_20260602_160555_Dropout0.3_+_More_layers_2+More_heads+Bigger_d_2,loss/train,36,0.1018286794424057
2A,2A_20260602_160555_Dropout0.3_+_More_layers_2+More_heads+Bigger_d_2,loss/train,37,0.09647729992866516
2A,2A_20260602_160555_Dropout0.3_+_More_layers_2+More_heads+Bigger_d_2,loss/train,38,0.09225068986415863
2A,2A_20260602_160555_Dropout0.3_+_More_layers_2+More_heads+Bigger_d_2,loss/train,39,0.08748893439769745
2A,2A_20260602_160555_Dropout0.3_+_More_layers_2+More_heads+Bigger_d_2,loss/train,40,0.07965345680713654
2A,2A_20260602_160555_Dropout0.3_+_More_layers_2+More_heads+Bigger_d_2,loss/train,41,0.07424574345350266
2A,2A_20260602_160555_Dropout0.3_+_More_layers_2+More_heads+Bigger_d_2,loss/train,42,0.06983928382396698
2A,2A_20260602_160555_Dropout0.3_+_More_layers_2+More_heads+Bigger_d_2,loss/train,43,0.06533936411142349
2A,2A_20260602_160555_Dropout0.3_+_More_layers_2+More_heads+Bigger_d_2,loss/train,44,0.061553291976451874
2A,2A_20260602_160555_Dropout0.3_+_More_layers_2+More_heads+Bigger_d_2,loss/train,45,0.05690786987543106
2A,2A_20260602_160555_Dropout0.3_+_More_layers_2+More_heads+Bigger_d_2,loss/train,46,0.05354370176792145
2A,2A_20260602_160555_Dropout0.3_+_More_layers_2+More_heads+Bigger_d_2,loss/train,47,0.050579313188791275
2A,2A_20260602_160555_Dropout0.3_+_More_layers_2+More_heads+Bigger_d_2,loss/train,48,0.048696886748075485
2A,2A_20260602_160555_Dropout0.3_+_More_layers_2+More_heads+Bigger_d_2,loss/train,49,0.04489415884017944
2A,2A_20260602_160555_Dropout0.3_+_More_layers_2+More_heads+Bigger_d_2,loss/train,50,0.07823009043931961
2A,2A_20260602_160555_Dropout0.3_+_More_layers_2+More_heads+Bigger_d_2,loss/train,51,0.18445120751857758
2A,2A_20260602_160555_Dropout0.3_+_More_layers_2+More_heads+Bigger_d_2,loss/train,52,0.18531754612922668
2A,2A_20260602_160555_Dropout0.3_+_More_layers_2+More_heads+Bigger_d_2,slot_f1/dev,0,0.0
2A,2A_20260602_160555_Dropout0.3_+_More_layers_2+More_heads+Bigger_d_2,slot_f1/dev,1,0.09746953845024109
2A,2A_20260602_160555_Dropout0.3_+_More_layers_2+More_heads+Bigger_d_2,slot_f1/dev,2,0.24466390907764435
2A,2A_20260602_160555_Dropout0.3_+_More_layers_2+More_heads+Bigger_d_2,slot_f1/dev,3,0.31499528884887695
2A,2A_20260602_160555_Dropout0.3_+_More_layers_2+More_heads+Bigger_d_2,slot_f1/dev,4,0.4079027473926544
2A,2A_20260602_160555_Dropout0.3_+_More_layers_2+More_heads+Bigger_d_2,slot_f1/dev,5,0.49954861402511597
2A,2A_20260602_160555_Dropout0.3_+_More_layers_2+More_heads+Bigger_d_2,slot_f1/dev,6,0.585351288318634
2A,2A_20260602_160555_Dropout0.3_+_More_layers_2+More_heads+Bigger_d_2,slot_f1/dev,7,0.6323922872543335
2A,2A_20260602_160555_Dropout0.3_+_More_layers_2+More_heads+Bigger_d_2,slot_f1/dev,8,0.6922619342803955
2A,2A_20260602_160555_Dropout0.3_+_More_layers_2+More_heads+Bigger_d_2,slot_f1/dev,9,0.7289442420005798
2A,2A_20260602_160555_Dropout0.3_+_More_layers_2+More_heads+Bigger_d_2,slot_f1/dev,10,0.7446117401123047
2A,2A_20260602_160555_Dropout0.3_+_More_layers_2+More_heads+Bigger_d_2,slot_f1/dev,11,0.7672845125198364
2A,2A_20260602_160555_Dropout0.3_+_More_layers_2+More_heads+Bigger_d_2,slot_f1/dev,12,0.7862027883529663
2A,2A_20260602_160555_Dropout0.3_+_More_layers_2+More_heads+Bigger_d_2,slot_f1/dev,13,0.7971614599227905
2A,2A_20260602_160555_Dropout0.3_+_More_layers_2+More_heads+Bigger_d_2,slot_f1/dev,14,0.8061556816101074
2A,2A_20260602_160555_Dropout0.3_+_More_layers_2+More_heads+Bigger_d_2,slot_f1/dev,15,0.8162544369697571
2A,2A_20260602_160555_Dropout0.3_+_More_layers_2+More_heads+Bigger_d_2,slot_f1/dev,16,0.8243601322174072
2A,2A_20260602_160555_Dropout0.3_+_More_layers_2+More_heads+Bigger_d_2,slot_f1/dev,17,0.8436298966407776
2A,2A_20260602_160555_Dropout0.3_+_More_layers_2+More_heads+Bigger_d_2,slot_f1/dev,18,0.8432527780532837
2A,2A_20260602_160555_Dropout0.3_+_More_layers_2+More_heads+Bigger_d_2,slot_f1/dev,19,0.8475375771522522
2A,2A_20260602_160555_Dropout0.3_+_More_layers_2+More_heads+Bigger_d_2,slot_f1/dev,20,0.855877161026001
2A,2A_20260602_160555_Dropout0.3_+_More_layers_2+More_heads+Bigger_d_2,slot_f1/dev,21,0.8498967885971069
2A,2A_20260602_160555_Dropout0.3_+_More_layers_2+More_heads+Bigger_d_2,slot_f1/dev,22,0.8589065074920654
2A,2A_20260602_160555_Dropout0.3_+_More_layers_2+More_heads+Bigger_d_2,slot_f1/dev,23,0.8577319383621216
2A,2A_20260602_160555_Dropout0.3_+_More_layers_2+More_heads+Bigger_d_2,slot_f1/dev,24,0.8641176223754883
2A,2A_20260602_160555_Dropout0.3_+_More_layers_2+More_heads+Bigger_d_2,slot_f1/dev,25,0.8689006567001343
2A,2A_20260602_160555_Dropout0.3_+_More_layers_2+More_heads+Bigger_d_2,slot_f1/dev,26,0.8729087114334106
2A,2A_20260602_160555_Dropout0.3_+_More_layers_2+More_heads+Bigger_d_2,slot_f1/dev,27,0.8678025603294373
2A,2A_20260602_160555_Dropout0.3_+_More_layers_2+More_heads+Bigger_d_2,slot_f1/dev,28,0.8695908188819885
2A,2A_20260602_160555_Dropout0.3_+_More_layers_2+More_heads+Bigger_d_2,slot_f1/dev,29,0.8673139214515686
2A,2A_20260602_160555_Dropout0.3_+_More_layers_2+More_heads+Bigger_d_2,slot_f1/dev,30,0.8792242407798767
2A,2A_20260602_160555_Dropout0.3_+_More_layers_2+More_heads+Bigger_d_2,slot_f1/dev,31,0.8797653913497925
2A,2A_20260602_160555_Dropout0.3_+_More_layers_2+More_heads+Bigger_d_2,slot_f1/dev,32,0.8875219821929932
2A,2A_20260602_160555_Dropout0.3_+_More_layers_2+More_heads+Bigger_d_2,slot_f1/dev,33,0.886023998260498
2A,2A_20260602_160555_Dropout0.3_+_More_layers_2+More_heads+Bigger_d_2,slot_f1/dev,34,0.8937793374061584
2A,2A_20260602_160555_Dropout0.3_+_More_layers_2+More_heads+Bigger_d_2,slot_f1/dev,35,0.9023746848106384
2A,2A_20260602_160555_Dropout0.3_+_More_layers_2+More_heads+Bigger_d_2,slot_f1/dev,36,0.9014662504196167
2A,2A_20260602_160555_Dropout0.3_+_More_layers_2+More_heads+Bigger_d_2,slot_f1/dev,37,0.9058374762535095
2A,2A_20260602_160555_Dropout0.3_+_More_layers_2+More_heads+Bigger_d_2,slot_f1/dev,38,0.90727698802948
2A,2A_20260602_160555_Dropout0.3_+_More_layers_2+More_heads+Bigger_d_2,slot_f1/dev,39,0.9114888906478882
2A,2A_20260602_160555_Dropout0.3_+_More_layers_2+More_heads+Bigger_d_2,slot_f1/dev,40,0.9140005707740784
2A,2A_20260602_160555_Dropout0.3_+_More_layers_2+More_heads+Bigger_d_2,slot_f1/dev,41,0.9134135842323303
2A,2A_20260602_160555_Dropout0.3_+_More_layers_2+More_heads+Bigger_d_2,slot_f1/dev,42,0.9159318208694458
2A,2A_20260602_160555_Dropout0.3_+_More_layers_2+More_heads+Bigger_d_2,slot_f1/dev,43,0.9137324094772339
2A,2A_20260602_160555_Dropout0.3_+_More_layers_2+More_heads+Bigger_d_2,slot_f1/dev,44,0.9184574484825134
2A,2A_20260602_160555_Dropout0.3_+_More_layers_2+More_heads+Bigger_d_2,slot_f1/dev,45,0.9154929518699646
2A,2A_20260602_160555_Dropout0.3_+_More_layers_2+More_heads+Bigger_d_2,slot_f1/dev,46,0.9187445044517517
2A,2A_20260602_160555_Dropout0.3_+_More_layers_2+More_heads+Bigger_d_2,slot_f1/dev,47,0.9215859174728394
2A,2A_20260602_160555_Dropout0.3_+_More_layers_2+More_heads+Bigger_d_2,slot_f1/dev,48,0.9174743294715881
2A,2A_20260602_160555_Dropout0.3_+_More_layers_2+More_heads+Bigger_d_2,slot_f1/dev,49,0.9191889762878418
2A,2A_20260602_160555_Dropout0.3_+_More_layers_2+More_heads+Bigger_d_2,slot_f1/dev,50,0.9093576073646545
2A,2A_20260602_160555_Dropout0.3_+_More_layers_2+More_heads+Bigger_d_2,slot_f1/dev,51,0.8945048451423645
2A,2A_20260602_160555_Dropout0.3_+_More_layers_2+More_heads+Bigger_d_2,slot_f1/dev,52,0.8979233503341675
2A,2A_20260602_160555_Dropout0.3_+_More_layers_2+More_heads+Bigger_d_2,intent_acc/dev,0,0.736947774887085
2A,2A_20260602_160555_Dropout0.3_+_More_layers_2+More_heads+Bigger_d_2,intent_acc/dev,1,0.736947774887085
2A,2A_20260602_160555_Dropout0.3_+_More_layers_2+More_heads+Bigger_d_2,intent_acc/dev,2,0.7610442042350769
2A,2A_20260602_160555_Dropout0.3_+_More_layers_2+More_heads+Bigger_d_2,intent_acc/dev,3,0.7610442042350769
2A,2A_20260602_160555_Dropout0.3_+_More_layers_2+More_heads+Bigger_d_2,intent_acc/dev,4,0.7610442042350769
2A,2A_20260602_160555_Dropout0.3_+_More_layers_2+More_heads+Bigger_d_2,intent_acc/dev,5,0.7931727170944214
2A,2A_20260602_160555_Dropout0.3_+_More_layers_2+More_heads+Bigger_d_2,intent_acc/dev,6,0.8212851285934448
2A,2A_20260602_160555_Dropout0.3_+_More_layers_2+More_heads+Bigger_d_2,intent_acc/dev,7,0.8433734774589539
2A,2A_20260602_160555_Dropout0.3_+_More_layers_2+More_heads+Bigger_d_2,intent_acc/dev,8,0.8795180916786194
2A,2A_20260602_160555_Dropout0.3_+_More_layers_2+More_heads+Bigger_d_2,intent_acc/dev,9,0.8935742974281311
2A,2A_20260602_160555_Dropout0.3_+_More_layers_2+More_heads+Bigger_d_2,intent_acc/dev,10,0.8895582556724548
2A,2A_20260602_160555_Dropout0.3_+_More_layers_2+More_heads+Bigger_d_2,intent_acc/dev,11,0.9176706671714783
2A,2A_20260602_160555_Dropout0.3_+_More_layers_2+More_heads+Bigger_d_2,intent_acc/dev,12,0.9297188520431519
2A,2A_20260602_160555_Dropout0.3_+_More_layers_2+More_heads+Bigger_d_2,intent_acc/dev,13,0.9257028102874756
2A,2A_20260602_160555_Dropout0.3_+_More_layers_2+More_heads+Bigger_d_2,intent_acc/dev,14,0.9277108311653137
2A,2A_20260602_160555_Dropout0.3_+_More_layers_2+More_heads+Bigger_d_2,intent_acc/dev,15,0.9437751173973083
2A,2A_20260602_160555_Dropout0.3_+_More_layers_2+More_heads+Bigger_d_2,intent_acc/dev,16,0.9417670965194702
2A,2A_20260602_160555_Dropout0.3_+_More_layers_2+More_heads+Bigger_d_2,intent_acc/dev,17,0.9417670965194702
2A,2A_20260602_160555_Dropout0.3_+_More_layers_2+More_heads+Bigger_d_2,intent_acc/dev,18,0.9477911591529846
2A,2A_20260602_160555_Dropout0.3_+_More_layers_2+More_heads+Bigger_d_2,intent_acc/dev,19,0.935742974281311
2A,2A_20260602_160555_Dropout0.3_+_More_layers_2+More_heads+Bigger_d_2,intent_acc/dev,20,0.9518072009086609
2A,2A_20260602_160555_Dropout0.3_+_More_layers_2+More_heads+Bigger_d_2,intent_acc/dev,21,0.9497991800308228
2A,2A_20260602_160555_Dropout0.3_+_More_layers_2+More_heads+Bigger_d_2,intent_acc/dev,22,0.9598393440246582
2A,2A_20260602_160555_Dropout0.3_+_More_layers_2+More_heads+Bigger_d_2,intent_acc/dev,23,0.9658634662628174
2A,2A_20260602_160555_Dropout0.3_+_More_layers_2+More_heads+Bigger_d_2,intent_acc/dev,24,0.9618473649024963
2A,2A_20260602_160555_Dropout0.3_+_More_layers_2+More_heads+Bigger_d_2,intent_acc/dev,25,0.9618473649024963
2A,2A_20260602_160555_Dropout0.3_+_More_layers_2+More_heads+Bigger_d_2,intent_acc/dev,26,0.9558233022689819
2A,2A_20260602_160555_Dropout0.3_+_More_layers_2+More_heads+Bigger_d_2,intent_acc/dev,27,0.9558233022689819
2A,2A_20260602_160555_Dropout0.3_+_More_layers_2+More_heads+Bigger_d_2,intent_acc/dev,28,0.9598393440246582
2A,2A_20260602_160555_Dropout0.3_+_More_layers_2+More_heads+Bigger_d_2,intent_acc/dev,29,0.9558233022689819
2A,2A_20260602_160555_Dropout0.3_+_More_layers_2+More_heads+Bigger_d_2,intent_acc/dev,30,0.9618473649024963
2A,2A_20260602_160555_Dropout0.3_+_More_layers_2+More_heads+Bigger_d_2,intent_acc/dev,31,0.9678714871406555
2A,2A_20260602_160555_Dropout0.3_+_More_layers_2+More_heads+Bigger_d_2,intent_acc/dev,32,0.9738956093788147
2A,2A_20260602_160555_Dropout0.3_+_More_layers_2+More_heads+Bigger_d_2,intent_acc/dev,33,0.9678714871406555
2A,2A_20260602_160555_Dropout0.3_+_More_layers_2+More_heads+Bigger_d_2,intent_acc/dev,34,0.9738956093788147
2A,2A_20260602_160555_Dropout0.3_+_More_layers_2+More_heads+Bigger_d_2,intent_acc/dev,35,0.9759036302566528
2A,2A_20260602_160555_Dropout0.3_+_More_layers_2+More_heads+Bigger_d_2,intent_acc/dev,36,0.9678714871406555
2A,2A_20260602_160555_Dropout0.3_+_More_layers_2+More_heads+Bigger_d_2,intent_acc/dev,37,0.9738956093788147
2A,2A_20260602_160555_Dropout0.3_+_More_layers_2+More_heads+Bigger_d_2,intent_acc/dev,38,0.9678714871406555
2A,2A_20260602_160555_Dropout0.3_+_More_layers_2+More_heads+Bigger_d_2,intent_acc/dev,39,0.9678714871406555
2A,2A_20260602_160555_Dropout0.3_+_More_layers_2+More_heads+Bigger_d_2,intent_acc/dev,40,0.9678714871406555
2A,2A_20260602_160555_Dropout0.3_+_More_layers_2+More_heads+Bigger_d_2,intent_acc/dev,41,0.9698795080184937
2A,2A_20260602_160555_Dropout0.3_+_More_layers_2+More_heads+Bigger_d_2,intent_acc/dev,42,0.9698795080184937
2A,2A_20260602_160555_Dropout0.3_+_More_layers_2+More_heads+Bigger_d_2,intent_acc/dev,43,0.9678714871406555
2A,2A_20260602_160555_Dropout0.3_+_More_layers_2+More_heads+Bigger_d_2,intent_acc/dev,44,0.9738956093788147
2A,2A_20260602_160555_Dropout0.3_+_More_layers_2+More_heads+Bigger_d_2,intent_acc/dev,45,0.9698795080184937
2A,2A_20260602_160555_Dropout0.3_+_More_layers_2+More_heads+Bigger_d_2,intent_acc/dev,46,0.9678714871406555
2A,2A_20260602_160555_Dropout0.3_+_More_layers_2+More_heads+Bigger_d_2,intent_acc/dev,47,0.9698795080184937
2A,2A_20260602_160555_Dropout0.3_+_More_layers_2+More_heads+Bigger_d_2,intent_acc/dev,48,0.9718875288963318
2A,2A_20260602_160555_Dropout0.3_+_More_layers_2+More_heads+Bigger_d_2,intent_acc/dev,49,0.9718875288963318
2A,2A_20260602_160555_Dropout0.3_+_More_layers_2+More_heads+Bigger_d_2,intent_acc/dev,50,0.9297188520431519
2A,2A_20260602_160555_Dropout0.3_+_More_layers_2+More_heads+Bigger_d_2,intent_acc/dev,51,0.9497991800308228
2A,2A_20260602_160555_Dropout0.3_+_More_layers_2+More_heads+Bigger_d_2,intent_acc/dev,52,0.9538152813911438
2A,2A_20260530_184400_More_heads_2+_Bigger_d,slot_f1/test,0,0.0
2A,2A_20260530_184400_More_heads_2+_Bigger_d,slot_f1/test,5,0.4946470558643341
2A,2A_20260530_184400_More_heads_2+_Bigger_d,slot_f1/test,10,0.6860830187797546
2A,2A_20260530_184400_More_heads_2+_Bigger_d,slot_f1/test,15,0.7774667739868164
2A,2A_20260530_184400_More_heads_2+_Bigger_d,slot_f1/test,20,0.7994409799575806
2A,2A_20260530_184400_More_heads_2+_Bigger_d,slot_f1/test,25,0.8259730935096741
2A,2A_20260530_184400_More_heads_2+_Bigger_d,slot_f1/test,30,0.8413528800010681
2A,2A_20260530_184400_More_heads_2+_Bigger_d,slot_f1/test,35,0.8591868877410889
2A,2A_20260530_184400_More_heads_2+_Bigger_d,slot_f1/test,40,0.8611304759979248
2A,2A_20260530_184400_More_heads_2+_Bigger_d,slot_f1/test,45,0.8653644919395447
2A,2A_20260530_184400_More_heads_2+_Bigger_d,slot_f1/test,50,0.8645452857017517
2A,2A_20260530_184400_More_heads_2+_Bigger_d,slot_f1/test,55,0.866423487663269
2A,2A_20260530_184400_More_heads_2+_Bigger_d,slot_f1/test,60,0.872410774230957
2A,2A_20260530_184400_More_heads_2+_Bigger_d,slot_f1/test,65,0.8708499670028687
2A,2A_20260530_184400_More_heads_2+_Bigger_d,slot_f1/test,70,0.8726513385772705
2A,2A_20260530_184400_More_heads_2+_Bigger_d,slot_f1/test,100,0.8710013628005981
2A,2A_20260530_184400_More_heads_2+_Bigger_d,intent_acc/test,0,0.707726776599884
2A,2A_20260530_184400_More_heads_2+_Bigger_d,intent_acc/test,5,0.7592385411262512
2A,2A_20260530_184400_More_heads_2+_Bigger_d,intent_acc/test,10,0.8085106611251831
2A,2A_20260530_184400_More_heads_2+_Bigger_d,intent_acc/test,15,0.8521836400032043
2A,2A_20260530_184400_More_heads_2+_Bigger_d,intent_acc/test,20,0.8488242030143738
2A,2A_20260530_184400_More_heads_2+_Bigger_d,intent_acc/test,25,0.8768197298049927
2A,2A_20260530_184400_More_heads_2+_Bigger_d,intent_acc/test,30,0.879059374332428
2A,2A_20260530_184400_More_heads_2+_Bigger_d,intent_acc/test,35,0.8913773894309998
2A,2A_20260530_184400_More_heads_2+_Bigger_d,intent_acc/test,40,0.8913773894309998
2A,2A_20260530_184400_More_heads_2+_Bigger_d,intent_acc/test,45,0.8880178928375244
2A,2A_20260530_184400_More_heads_2+_Bigger_d,intent_acc/test,50,0.8969764709472656
2A,2A_20260530_184400_More_heads_2+_Bigger_d,intent_acc/test,55,0.9048152565956116
2A,2A_20260530_184400_More_heads_2+_Bigger_d,intent_acc/test,60,0.9070548415184021
2A,2A_20260530_184400_More_heads_2+_Bigger_d,intent_acc/test,65,0.9048152565956116
2A,2A_20260530_184400_More_heads_2+_Bigger_d,intent_acc/test,70,0.9070548415184021
2A,2A_20260530_184400_More_heads_2+_Bigger_d,intent_acc/test,100,0.9048152565956116
2A,2A_20260530_184400_More_heads_2+_Bigger_d,loss/train,0,6.0021443367004395
2A,2A_20260530_184400_More_heads_2+_Bigger_d,loss/train,1,2.9715092182159424
2A,2A_20260530_184400_More_heads_2+_Bigger_d,loss/train,2,2.6030352115631104
2A,2A_20260530_184400_More_heads_2+_Bigger_d,loss/train,3,2.2025365829467773
2A,2A_20260530_184400_More_heads_2+_Bigger_d,loss/train,4,1.876492977142334
2A,2A_20260530_184400_More_heads_2+_Bigger_d,loss/train,5,1.6691230535507202
2A,2A_20260530_184400_More_heads_2+_Bigger_d,loss/train,6,1.478817105293274
2A,2A_20260530_184400_More_heads_2+_Bigger_d,loss/train,7,1.2763054370880127
2A,2A_20260530_184400_More_heads_2+_Bigger_d,loss/train,8,1.1168102025985718
2A,2A_20260530_184400_More_heads_2+_Bigger_d,loss/train,9,1.003245234489441
2A,2A_20260530_184400_More_heads_2+_Bigger_d,loss/train,10,0.8980000019073486
2A,2A_20260530_184400_More_heads_2+_Bigger_d,loss/train,11,0.7985155582427979
2A,2A_20260530_184400_More_heads_2+_Bigger_d,loss/train,12,0.7110015749931335
2A,2A_20260530_184400_More_heads_2+_Bigger_d,loss/train,13,0.6430578827857971
2A,2A_20260530_184400_More_heads_2+_Bigger_d,loss/train,14,0.579913318157196
2A,2A_20260530_184400_More_heads_2+_Bigger_d,loss/train,15,0.5198471546173096
2A,2A_20260530_184400_More_heads_2+_Bigger_d,loss/train,16,0.4705307185649872
2A,2A_20260530_184400_More_heads_2+_Bigger_d,loss/train,17,0.4363369643688202
2A,2A_20260530_184400_More_heads_2+_Bigger_d,loss/train,18,0.4003843665122986
2A,2A_20260530_184400_More_heads_2+_Bigger_d,loss/train,19,0.36716026067733765
2A,2A_20260530_184400_More_heads_2+_Bigger_d,loss/train,20,0.34019097685813904
2A,2A_20260530_184400_More_heads_2+_Bigger_d,loss/train,21,0.3157232701778412
2A,2A_20260530_184400_More_heads_2+_Bigger_d,loss/train,22,0.29095259308815
2A,2A_20260530_184400_More_heads_2+_Bigger_d,loss/train,23,0.26765257120132446
2A,2A_20260530_184400_More_heads_2+_Bigger_d,loss/train,24,0.24974314868450165
2A,2A_20260530_184400_More_heads_2+_Bigger_d,loss/train,25,0.23497013747692108
2A,2A_20260530_184400_More_heads_2+_Bigger_d,loss/train,26,0.22270213067531586
2A,2A_20260530_184400_More_heads_2+_Bigger_d,loss/train,27,0.20970456302165985
2A,2A_20260530_184400_More_heads_2+_Bigger_d,loss/train,28,0.19082088768482208
2A,2A_20260530_184400_More_heads_2+_Bigger_d,loss/train,29,0.1768859177827835
2A,2A_20260530_184400_More_heads_2+_Bigger_d,loss/train,30,0.1678214818239212
2A,2A_20260530_184400_More_heads_2+_Bigger_d,loss/train,31,0.1611773669719696
2A,2A_20260530_184400_More_heads_2+_Bigger_d,loss/train,32,0.14906089007854462
2A,2A_20260530_184400_More_heads_2+_Bigger_d,loss/train,33,0.13972929120063782
2A,2A_20260530_184400_More_heads_2+_Bigger_d,loss/train,34,0.13085520267486572
2A,2A_20260530_184400_More_heads_2+_Bigger_d,loss/train,35,0.12937185168266296
2A,2A_20260530_184400_More_heads_2+_Bigger_d,loss/train,36,0.12407810986042023
2A,2A_20260530_184400_More_heads_2+_Bigger_d,loss/train,37,0.11637650430202484
2A,2A_20260530_184400_More_heads_2+_Bigger_d,loss/train,38,0.10899316519498825
2A,2A_20260530_184400_More_heads_2+_Bigger_d,loss/train,39,0.1010754182934761
2A,2A_20260530_184400_More_heads_2+_Bigger_d,loss/train,40,0.09502125531435013
2A,2A_20260530_184400_More_heads_2+_Bigger_d,loss/train,41,0.09004979580640793
2A,2A_20260530_184400_More_heads_2+_Bigger_d,loss/train,42,0.08595010638237
2A,2A_20260530_184400_More_heads_2+_Bigger_d,loss/train,43,0.0821443721652031
2A,2A_20260530_184400_More_heads_2+_Bigger_d,loss/train,44,0.0775802806019783
2A,2A_20260530_184400_More_heads_2+_Bigger_d,loss/train,45,0.07361479103565216
2A,2A_20260530_184400_More_heads_2+_Bigger_d,loss/train,46,0.07045842707157135
2A,2A_20260530_184400_More_heads_2+_Bigger_d,loss/train,47,0.06820661574602127
2A,2A_20260530_184400_More_heads_2+_Bigger_d,loss/train,48,0.06395027041435242
2A,2A_20260530_184400_More_heads_2+_Bigger_d,loss/train,49,0.06187320500612259
2A,2A_20260530_184400_More_heads_2+_Bigger_d,loss/train,50,0.05852800980210304
2A,2A_20260530_184400_More_heads_2+_Bigger_d,loss/train,51,0.05800936743617058
2A,2A_20260530_184400_More_heads_2+_Bigger_d,loss/train,52,0.06722986698150635
2A,2A_20260530_184400_More_heads_2+_Bigger_d,loss/train,53,0.07959341257810593
2A,2A_20260530_184400_More_heads_2+_Bigger_d,loss/train,54,0.08409122377634048
2A,2A_20260530_184400_More_heads_2+_Bigger_d,loss/train,55,0.07675421237945557
2A,2A_20260530_184400_More_heads_2+_Bigger_d,loss/train,56,0.05708957463502884
2A,2A_20260530_184400_More_heads_2+_Bigger_d,loss/train,57,0.05016327276825905
2A,2A_20260530_184400_More_heads_2+_Bigger_d,loss/train,58,0.04449392482638359
2A,2A_20260530_184400_More_heads_2+_Bigger_d,loss/train,59,0.04169156774878502
2A,2A_20260530_184400_More_heads_2+_Bigger_d,loss/train,60,0.03980530798435211
2A,2A_20260530_184400_More_heads_2+_Bigger_d,loss/train,61,0.038412000983953476
2A,2A_20260530_184400_More_heads_2+_Bigger_d,loss/train,62,0.03649109601974487
2A,2A_20260530_184400_More_heads_2+_Bigger_d,loss/train,63,0.03506383299827576
2A,2A_20260530_184400_More_heads_2+_Bigger_d,loss/train,64,0.03372269496321678
2A,2A_20260530_184400_More_heads_2+_Bigger_d,loss/train,65,0.03244103118777275
2A,2A_20260530_184400_More_heads_2+_Bigger_d,loss/train,66,0.03124634176492691
2A,2A_20260530_184400_More_heads_2+_Bigger_d,loss/train,67,0.030199576169252396
2A,2A_20260530_184400_More_heads_2+_Bigger_d,loss/train,68,0.028848696500062943
2A,2A_20260530_184400_More_heads_2+_Bigger_d,loss/train,69,0.027993356809020042
2A,2A_20260530_184400_More_heads_2+_Bigger_d,loss/train,70,0.026875702664256096
2A,2A_20260530_184400_More_heads_2+_Bigger_d,loss/train,71,0.02593967877328396
2A,2A_20260530_184400_More_heads_2+_Bigger_d,loss/train,72,0.025005977600812912
2A,2A_20260530_184400_More_heads_2+_Bigger_d,loss/train,73,0.02395891770720482
2A,2A_20260530_184400_More_heads_2+_Bigger_d,loss/train,74,0.02315022610127926
2A,2A_20260530_184400_More_heads_2+_Bigger_d,slot_f1/dev,0,0.0
2A,2A_20260530_184400_More_heads_2+_Bigger_d,slot_f1/dev,1,0.0
2A,2A_20260530_184400_More_heads_2+_Bigger_d,slot_f1/dev,2,0.24910394847393036
2A,2A_20260530_184400_More_heads_2+_Bigger_d,slot_f1/dev,3,0.380952388048172
2A,2A_20260530_184400_More_heads_2+_Bigger_d,slot_f1/dev,4,0.4630265235900879
2A,2A_20260530_184400_More_heads_2+_Bigger_d,slot_f1/dev,5,0.5435498356819153
2A,2A_20260530_184400_More_heads_2+_Bigger_d,slot_f1/dev,6,0.5762711763381958
2A,2A_20260530_184400_More_heads_2+_Bigger_d,slot_f1/dev,7,0.6069881319999695
2A,2A_20260530_184400_More_heads_2+_Bigger_d,slot_f1/dev,8,0.6392588019371033
2A,2A_20260530_184400_More_heads_2+_Bigger_d,slot_f1/dev,9,0.6781643033027649
2A,2A_20260530_184400_More_heads_2+_Bigger_d,slot_f1/dev,10,0.7424594163894653
2A,2A_20260530_184400_More_heads_2+_Bigger_d,slot_f1/dev,11,0.7749853730201721
2A,2A_20260530_184400_More_heads_2+_Bigger_d,slot_f1/dev,12,0.795918345451355
2A,2A_20260530_184400_More_heads_2+_Bigger_d,slot_f1/dev,13,0.8050277829170227
2A,2A_20260530_184400_More_heads_2+_Bigger_d,slot_f1/dev,14,0.8153126835823059
2A,2A_20260530_184400_More_heads_2+_Bigger_d,slot_f1/dev,15,0.8235294222831726
2A,2A_20260530_184400_More_heads_2+_Bigger_d,slot_f1/dev,16,0.8248388767242432
2A,2A_20260530_184400_More_heads_2+_Bigger_d,slot_f1/dev,17,0.8283712863922119
2A,2A_20260530_184400_More_heads_2+_Bigger_d,slot_f1/dev,18,0.8342622518539429
2A,2A_20260530_184400_More_heads_2+_Bigger_d,slot_f1/dev,19,0.8425681591033936
2A,2A_20260530_184400_More_heads_2+_Bigger_d,slot_f1/dev,20,0.8453006148338318
2A,2A_20260530_184400_More_heads_2+_Bigger_d,slot_f1/dev,21,0.8488914966583252
2A,2A_20260530_184400_More_heads_2+_Bigger_d,slot_f1/dev,22,0.8524686098098755
2A,2A_20260530_184400_More_heads_2+_Bigger_d,slot_f1/dev,23,0.8556399941444397
2A,2A_20260530_184400_More_heads_2+_Bigger_d,slot_f1/dev,24,0.8565585613250732
2A,2A_20260530_184400_More_heads_2+_Bigger_d,slot_f1/dev,25,0.8582263588905334
2A,2A_20260530_184400_More_heads_2+_Bigger_d,slot_f1/dev,26,0.8614845275878906
2A,2A_20260530_184400_More_heads_2+_Bigger_d,slot_f1/dev,27,0.8643274903297424
2A,2A_20260530_184400_More_heads_2+_Bigger_d,slot_f1/dev,28,0.8719601631164551
2A,2A_20260530_184400_More_heads_2+_Bigger_d,slot_f1/dev,29,0.8806056976318359
2A,2A_20260530_184400_More_heads_2+_Bigger_d,slot_f1/dev,30,0.8813756704330444
2A,2A_20260530_184400_More_heads_2+_Bigger_d,slot_f1/dev,31,0.8845481276512146
2A,2A_20260530_184400_More_heads_2+_Bigger_d,slot_f1/dev,32,0.8863570094108582
2A,2A_20260530_184400_More_heads_2+_Bigger_d,slot_f1/dev,33,0.8901227116584778
2A,2A_20260530_184400_More_heads_2+_Bigger_d,slot_f1/dev,34,0.8938906788825989
2A,2A_20260530_184400_More_heads_2+_Bigger_d,slot_f1/dev,35,0.8952603936195374
2A,2A_20260530_184400_More_heads_2+_Bigger_d,slot_f1/dev,36,0.8946752548217773
2A,2A_20260530_184400_More_heads_2+_Bigger_d,slot_f1/dev,37,0.9002048373222351
2A,2A_20260530_184400_More_heads_2+_Bigger_d,slot_f1/dev,38,0.8992974162101746
2A,2A_20260530_184400_More_heads_2+_Bigger_d,slot_f1/dev,39,0.9014331698417664
2A,2A_20260530_184400_More_heads_2+_Bigger_d,slot_f1/dev,40,0.9042459726333618
2A,2A_20260530_184400_More_heads_2+_Bigger_d,slot_f1/dev,41,0.9052077531814575
2A,2A_20260530_184400_More_heads_2+_Bigger_d,slot_f1/dev,42,0.9064327478408813
2A,2A_20260530_184400_More_heads_2+_Bigger_d,slot_f1/dev,43,0.9059029817581177
2A,2A_20260530_184400_More_heads_2+_Bigger_d,slot_f1/dev,44,0.9128144979476929
2A,2A_20260530_184400_More_heads_2+_Bigger_d,slot_f1/dev,45,0.9121265411376953
2A,2A_20260530_184400_More_heads_2+_Bigger_d,slot_f1/dev,46,0.9110590815544128
2A,2A_20260530_184400_More_heads_2+_Bigger_d,slot_f1/dev,47,0.9145699143409729
2A,2A_20260530_184400_More_heads_2+_Bigger_d,slot_f1/dev,48,0.9153733253479004
2A,2A_20260530_184400_More_heads_2+_Bigger_d,slot_f1/dev,49,0.9179366827011108
2A,2A_20260530_184400_More_heads_2+_Bigger_d,slot_f1/dev,50,0.9200116991996765
2A,2A_20260530_184400_More_heads_2+_Bigger_d,slot_f1/dev,51,0.9232121706008911
2A,2A_20260530_184400_More_heads_2+_Bigger_d,slot_f1/dev,52,0.9190295338630676
2A,2A_20260530_184400_More_heads_2+_Bigger_d,slot_f1/dev,53,0.9189347624778748
2A,2A_20260530_184400_More_heads_2+_Bigger_d,slot_f1/dev,54,0.9150556325912476
2A,2A_20260530_184400_More_heads_2+_Bigger_d,slot_f1/dev,55,0.9253731369972229
2A,2A_20260530_184400_More_heads_2+_Bigger_d,slot_f1/dev,56,0.9249706864356995
2A,2A_20260530_184400_More_heads_2+_Bigger_d,slot_f1/dev,57,0.9276296496391296
2A,2A_20260530_184400_More_heads_2+_Bigger_d,slot_f1/dev,58,0.9279015064239502
2A,2A_20260530_184400_More_heads_2+_Bigger_d,slot_f1/dev,59,0.9267721176147461
2A,2A_20260530_184400_More_heads_2+_Bigger_d,slot_f1/dev,60,0.9267292022705078
2A,2A_20260530_184400_More_heads_2+_Bigger_d,slot_f1/dev,61,0.9305189251899719
2A,2A_20260530_184400_More_heads_2+_Bigger_d,slot_f1/dev,62,0.9284457564353943
2A,2A_20260530_184400_More_heads_2+_Bigger_d,slot_f1/dev,63,0.9298914670944214
2A,2A_20260530_184400_More_heads_2+_Bigger_d,slot_f1/dev,64,0.9299325942993164
2A,2A_20260530_184400_More_heads_2+_Bigger_d,slot_f1/dev,65,0.9310243725776672
2A,2A_20260530_184400_More_heads_2+_Bigger_d,slot_f1/dev,66,0.931691586971283
2A,2A_20260530_184400_More_heads_2+_Bigger_d,slot_f1/dev,67,0.9328248500823975
2A,2A_20260530_184400_More_heads_2+_Bigger_d,slot_f1/dev,68,0.931691586971283
2A,2A_20260530_184400_More_heads_2+_Bigger_d,slot_f1/dev,69,0.93544602394104
2A,2A_20260530_184400_More_heads_2+_Bigger_d,slot_f1/dev,70,0.9348208904266357
2A,2A_20260530_184400_More_heads_2+_Bigger_d,slot_f1/dev,71,0.934272289276123
2A,2A_20260530_184400_More_heads_2+_Bigger_d,slot_f1/dev,72,0.935332179069519
2A,2A_20260530_184400_More_heads_2+_Bigger_d,slot_f1/dev,73,0.9319648146629333
2A,2A_20260530_184400_More_heads_2+_Bigger_d,slot_f1/dev,74,0.9330986142158508
2A,2A_20260530_184400_More_heads_2+_Bigger_d,intent_acc/dev,0,0.736947774887085
2A,2A_20260530_184400_More_heads_2+_Bigger_d,intent_acc/dev,1,0.736947774887085
2A,2A_20260530_184400_More_heads_2+_Bigger_d,intent_acc/dev,2,0.736947774887085
2A,2A_20260530_184400_More_heads_2+_Bigger_d,intent_acc/dev,3,0.7570281028747559
2A,2A_20260530_184400_More_heads_2+_Bigger_d,intent_acc/dev,4,0.759036123752594
2A,2A_20260530_184400_More_heads_2+_Bigger_d,intent_acc/dev,5,0.7710843086242676
2A,2A_20260530_184400_More_heads_2+_Bigger_d,intent_acc/dev,6,0.7851405739784241
2A,2A_20260530_184400_More_heads_2+_Bigger_d,intent_acc/dev,7,0.8333333134651184
2A,2A_20260530_184400_More_heads_2+_Bigger_d,intent_acc/dev,8,0.8514056205749512
2A,2A_20260530_184400_More_heads_2+_Bigger_d,intent_acc/dev,9,0.8594377636909485
2A,2A_20260530_184400_More_heads_2+_Bigger_d,intent_acc/dev,10,0.8594377636909485
2A,2A_20260530_184400_More_heads_2+_Bigger_d,intent_acc/dev,11,0.8835341334342957
2A,2A_20260530_184400_More_heads_2+_Bigger_d,intent_acc/dev,12,0.8674699068069458
2A,2A_20260530_184400_More_heads_2+_Bigger_d,intent_acc/dev,13,0.8855421543121338
2A,2A_20260530_184400_More_heads_2+_Bigger_d,intent_acc/dev,14,0.8935742974281311
2A,2A_20260530_184400_More_heads_2+_Bigger_d,intent_acc/dev,15,0.9016064405441284
2A,2A_20260530_184400_More_heads_2+_Bigger_d,intent_acc/dev,16,0.9156626462936401
2A,2A_20260530_184400_More_heads_2+_Bigger_d,intent_acc/dev,17,0.9176706671714783
2A,2A_20260530_184400_More_heads_2+_Bigger_d,intent_acc/dev,18,0.9116466045379639
2A,2A_20260530_184400_More_heads_2+_Bigger_d,intent_acc/dev,19,0.9116466045379639
2A,2A_20260530_184400_More_heads_2+_Bigger_d,intent_acc/dev,20,0.9076305031776428
2A,2A_20260530_184400_More_heads_2+_Bigger_d,intent_acc/dev,21,0.9317269325256348
2A,2A_20260530_184400_More_heads_2+_Bigger_d,intent_acc/dev,22,0.9277108311653137
2A,2A_20260530_184400_More_heads_2+_Bigger_d,intent_acc/dev,23,0.9277108311653137
2A,2A_20260530_184400_More_heads_2+_Bigger_d,intent_acc/dev,24,0.9377509951591492
2A,2A_20260530_184400_More_heads_2+_Bigger_d,intent_acc/dev,25,0.9297188520431519
2A,2A_20260530_184400_More_heads_2+_Bigger_d,intent_acc/dev,26,0.9317269325256348
2A,2A_20260530_184400_More_heads_2+_Bigger_d,intent_acc/dev,27,0.9317269325256348
2A,2A_20260530_184400_More_heads_2+_Bigger_d,intent_acc/dev,28,0.9337349534034729
2A,2A_20260530_184400_More_heads_2+_Bigger_d,intent_acc/dev,29,0.9317269325256348
2A,2A_20260530_184400_More_heads_2+_Bigger_d,intent_acc/dev,30,0.9377509951591492
2A,2A_20260530_184400_More_heads_2+_Bigger_d,intent_acc/dev,31,0.9297188520431519
2A,2A_20260530_184400_More_heads_2+_Bigger_d,intent_acc/dev,32,0.9417670965194702
2A,2A_20260530_184400_More_heads_2+_Bigger_d,intent_acc/dev,33,0.935742974281311
2A,2A_20260530_184400_More_heads_2+_Bigger_d,intent_acc/dev,34,0.935742974281311
2A,2A_20260530_184400_More_heads_2+_Bigger_d,intent_acc/dev,35,0.9297188520431519
2A,2A_20260530_184400_More_heads_2+_Bigger_d,intent_acc/dev,36,0.9377509951591492
2A,2A_20260530_184400_More_heads_2+_Bigger_d,intent_acc/dev,37,0.935742974281311
2A,2A_20260530_184400_More_heads_2+_Bigger_d,intent_acc/dev,38,0.9337349534034729
2A,2A_20260530_184400_More_heads_2+_Bigger_d,intent_acc/dev,39,0.9377509951591492
2A,2A_20260530_184400_More_heads_2+_Bigger_d,intent_acc/dev,40,0.935742974281311
2A,2A_20260530_184400_More_heads_2+_Bigger_d,intent_acc/dev,41,0.9317269325256348
2A,2A_20260530_184400_More_heads_2+_Bigger_d,intent_acc/dev,42,0.9337349534034729
2A,2A_20260530_184400_More_heads_2+_Bigger_d,intent_acc/dev,43,0.935742974281311
2A,2A_20260530_184400_More_heads_2+_Bigger_d,intent_acc/dev,44,0.935742974281311
2A,2A_20260530_184400_More_heads_2+_Bigger_d,intent_acc/dev,45,0.9297188520431519
2A,2A_20260530_184400_More_heads_2+_Bigger_d,intent_acc/dev,46,0.9397590160369873
2A,2A_20260530_184400_More_heads_2+_Bigger_d,intent_acc/dev,47,0.9317269325256348
2A,2A_20260530_184400_More_heads_2+_Bigger_d,intent_acc/dev,48,0.9257028102874756
2A,2A_20260530_184400_More_heads_2+_Bigger_d,intent_acc/dev,49,0.9337349534034729
2A,2A_20260530_184400_More_heads_2+_Bigger_d,intent_acc/dev,50,0.935742974281311
2A,2A_20260530_184400_More_heads_2+_Bigger_d,intent_acc/dev,51,0.9317269325256348
2A,2A_20260530_184400_More_heads_2+_Bigger_d,intent_acc/dev,52,0.9236947894096375
2A,2A_20260530_184400_More_heads_2+_Bigger_d,intent_acc/dev,53,0.9317269325256348
2A,2A_20260530_184400_More_heads_2+_Bigger_d,intent_acc/dev,54,0.9297188520431519
2A,2A_20260530_184400_More_heads_2+_Bigger_d,intent_acc/dev,55,0.9337349534034729
2A,2A_20260530_184400_More_heads_2+_Bigger_d,intent_acc/dev,56,0.9477911591529846
2A,2A_20260530_184400_More_heads_2+_Bigger_d,intent_acc/dev,57,0.9397590160369873
2A,2A_20260530_184400_More_heads_2+_Bigger_d,intent_acc/dev,58,0.935742974281311
2A,2A_20260530_184400_More_heads_2+_Bigger_d,intent_acc/dev,59,0.9377509951591492
2A,2A_20260530_184400_More_heads_2+_Bigger_d,intent_acc/dev,60,0.9377509951591492
2A,2A_20260530_184400_More_heads_2+_Bigger_d,intent_acc/dev,61,0.9377509951591492
2A,2A_20260530_184400_More_heads_2+_Bigger_d,intent_acc/dev,62,0.9377509951591492
2A,2A_20260530_184400_More_heads_2+_Bigger_d,intent_acc/dev,63,0.9377509951591492
2A,2A_20260530_184400_More_heads_2+_Bigger_d,intent_acc/dev,64,0.935742974281311
2A,2A_20260530_184400_More_heads_2+_Bigger_d,intent_acc/dev,65,0.935742974281311
2A,2A_20260530_184400_More_heads_2+_Bigger_d,intent_acc/dev,66,0.935742974281311
2A,2A_20260530_184400_More_heads_2+_Bigger_d,intent_acc/dev,67,0.9377509951591492
2A,2A_20260530_184400_More_heads_2+_Bigger_d,intent_acc/dev,68,0.9377509951591492
2A,2A_20260530_184400_More_heads_2+_Bigger_d,intent_acc/dev,69,0.935742974281311
2A,2A_20260530_184400_More_heads_2+_Bigger_d,intent_acc/dev,70,0.9377509951591492
2A,2A_20260530_184400_More_heads_2+_Bigger_d,intent_acc/dev,71,0.935742974281311
2A,2A_20260530_184400_More_heads_2+_Bigger_d,intent_acc/dev,72,0.9377509951591492
2A,2A_20260530_184400_More_heads_2+_Bigger_d,intent_acc/dev,73,0.9377509951591492
2A,2A_20260530_184400_More_heads_2+_Bigger_d,intent_acc/dev,74,0.9377509951591492
2A,2A_20260530_184804_More_layers+More_heads+Bigger_d,slot_f1/test,0,0.0
2A,2A_20260530_184804_More_layers+More_heads+Bigger_d,slot_f1/test,5,0.5195227861404419
2A,2A_20260530_184804_More_layers+More_heads+Bigger_d,slot_f1/test,10,0.7157894968986511
2A,2A_20260530_184804_More_layers+More_heads+Bigger_d,slot_f1/test,15,0.773488461971283
2A,2A_20260530_184804_More_layers+More_heads+Bigger_d,slot_f1/test,20,0.803295910358429
2A,2A_20260530_184804_More_layers+More_heads+Bigger_d,slot_f1/test,25,0.8128061294555664
2A,2A_20260530_184804_More_layers+More_heads+Bigger_d,slot_f1/test,30,0.8277303576469421
2A,2A_20260530_184804_More_layers+More_heads+Bigger_d,slot_f1/test,35,0.8375476002693176
2A,2A_20260530_184804_More_layers+More_heads+Bigger_d,slot_f1/test,40,0.8500261306762695
2A,2A_20260530_184804_More_layers+More_heads+Bigger_d,slot_f1/test,45,0.8632017970085144
2A,2A_20260530_184804_More_layers+More_heads+Bigger_d,slot_f1/test,50,0.867385983467102
2A,2A_20260530_184804_More_layers+More_heads+Bigger_d,slot_f1/test,55,0.8708667159080505
2A,2A_20260530_184804_More_layers+More_heads+Bigger_d,slot_f1/test,100,0.8713043332099915
2A,2A_20260530_184804_More_layers+More_heads+Bigger_d,intent_acc/test,0,0.707726776599884
2A,2A_20260530_184804_More_layers+More_heads+Bigger_d,intent_acc/test,5,0.7547592520713806
2A,2A_20260530_184804_More_layers+More_heads+Bigger_d,intent_acc/test,10,0.8521836400032043
2A,2A_20260530_184804_More_layers+More_heads+Bigger_d,intent_acc/test,15,0.8723404407501221
2A,2A_20260530_184804_More_layers+More_heads+Bigger_d,intent_acc/test,20,0.8824188113212585
2A,2A_20260530_184804_More_layers+More_heads+Bigger_d,intent_acc/test,25,0.8980963230133057
2A,2A_20260530_184804_More_layers+More_heads+Bigger_d,intent_acc/test,30,0.8857782483100891
2A,2A_20260530_184804_More_layers+More_heads+Bigger_d,intent_acc/test,35,0.9081746935844421
2A,2A_20260530_184804_More_layers+More_heads+Bigger_d,intent_acc/test,40,0.900335967540741
2A,2A_20260530_184804_More_layers+More_heads+Bigger_d,intent_acc/test,45,0.9081746935844421
2A,2A_20260530_184804_More_layers+More_heads+Bigger_d,intent_acc/test,50,0.9048152565956116
2A,2A_20260530_184804_More_layers+More_heads+Bigger_d,intent_acc/test,55,0.8992161154747009
2A,2A_20260530_184804_More_layers+More_heads+Bigger_d,intent_acc/test,100,0.9025756120681763
2A,2A_20260530_184804_More_layers+More_heads+Bigger_d,loss/train,0,5.8061065673828125
2A,2A_20260530_184804_More_layers+More_heads+Bigger_d,loss/train,1,2.966832399368286
2A,2A_20260530_184804_More_layers+More_heads+Bigger_d,loss/train,2,2.516824245452881
2A,2A_20260530_184804_More_layers+More_heads+Bigger_d,loss/train,3,2.1092050075531006
2A,2A_20260530_184804_More_layers+More_heads+Bigger_d,loss/train,4,1.8359649181365967
2A,2A_20260530_184804_More_layers+More_heads+Bigger_d,loss/train,5,1.6208032369613647
2A,2A_20260530_184804_More_layers+More_heads+Bigger_d,loss/train,6,1.4081799983978271
2A,2A_20260530_184804_More_layers+More_heads+Bigger_d,loss/train,7,1.202377438545227
2A,2A_20260530_184804_More_layers+More_heads+Bigger_d,loss/train,8,1.0532768964767456
2A,2A_20260530_184804_More_layers+More_heads+Bigger_d,loss/train,9,0.9059396386146545
2A,2A_20260530_184804_More_layers+More_heads+Bigger_d,loss/train,10,0.7843765616416931
2A,2A_20260530_184804_More_layers+More_heads+Bigger_d,loss/train,11,0.6595147252082825
2A,2A_20260530_184804_More_layers+More_heads+Bigger_d,loss/train,12,0.5823278427124023
2A,2A_20260530_184804_More_layers+More_heads+Bigger_d,loss/train,13,0.5266910791397095
2A,2A_20260530_184804_More_layers+More_heads+Bigger_d,loss/train,14,0.47170624136924744
2A,2A_20260530_184804_More_layers+More_heads+Bigger_d,loss/train,15,0.43176624178886414
2A,2A_20260530_184804_More_layers+More_heads+Bigger_d,loss/train,16,0.3949457108974457
2A,2A_20260530_184804_More_layers+More_heads+Bigger_d,loss/train,17,0.36175093054771423
2A,2A_20260530_184804_More_layers+More_heads+Bigger_d,loss/train,18,0.33235472440719604
2A,2A_20260530_184804_More_layers+More_heads+Bigger_d,loss/train,19,0.30578169226646423
2A,2A_20260530_184804_More_layers+More_heads+Bigger_d,loss/train,20,0.2825474143028259
2A,2A_20260530_184804_More_layers+More_heads+Bigger_d,loss/train,21,0.2622746229171753
2A,2A_20260530_184804_More_layers+More_heads+Bigger_d,loss/train,22,0.2625623047351837
2A,2A_20260530_184804_More_layers+More_heads+Bigger_d,loss/train,23,0.24775861203670502
2A,2A_20260530_184804_More_layers+More_heads+Bigger_d,loss/train,24,0.22110611200332642
2A,2A_20260530_184804_More_layers+More_heads+Bigger_d,loss/train,25,0.20146965980529785
2A,2A_20260530_184804_More_layers+More_heads+Bigger_d,loss/train,26,0.189133420586586
2A,2A_20260530_184804_More_layers+More_heads+Bigger_d,loss/train,27,0.17765846848487854
2A,2A_20260530_184804_More_layers+More_heads+Bigger_d,loss/train,28,0.1674843579530716
2A,2A_20260530_184804_More_layers+More_heads+Bigger_d,loss/train,29,0.17140144109725952
2A,2A_20260530_184804_More_layers+More_heads+Bigger_d,loss/train,30,0.15962159633636475
2A,2A_20260530_184804_More_layers+More_heads+Bigger_d,loss/train,31,0.1493617296218872
2A,2A_20260530_184804_More_layers+More_heads+Bigger_d,loss/train,32,0.14405085146427155
2A,2A_20260530_184804_More_layers+More_heads+Bigger_d,loss/train,33,0.1331748366355896
2A,2A_20260530_184804_More_layers+More_heads+Bigger_d,loss/train,34,0.12498895823955536
2A,2A_20260530_184804_More_layers+More_heads+Bigger_d,loss/train,35,0.11761252582073212
2A,2A_20260530_184804_More_layers+More_heads+Bigger_d,loss/train,36,0.12013300508260727
2A,2A_20260530_184804_More_layers+More_heads+Bigger_d,loss/train,37,0.14596159756183624
2A,2A_20260530_184804_More_layers+More_heads+Bigger_d,loss/train,38,0.14581456780433655
2A,2A_20260530_184804_More_layers+More_heads+Bigger_d,loss/train,39,0.1170455738902092
2A,2A_20260530_184804_More_layers+More_heads+Bigger_d,loss/train,40,0.09768158197402954
2A,2A_20260530_184804_More_layers+More_heads+Bigger_d,loss/train,41,0.08680019527673721
2A,2A_20260530_184804_More_layers+More_heads+Bigger_d,loss/train,42,0.07943344116210938
2A,2A_20260530_184804_More_layers+More_heads+Bigger_d,loss/train,43,0.07438496500253677
2A,2A_20260530_184804_More_layers+More_heads+Bigger_d,loss/train,44,0.06997139006853104
2A,2A_20260530_184804_More_layers+More_heads+Bigger_d,loss/train,45,0.0660591647028923
2A,2A_20260530_184804_More_layers+More_heads+Bigger_d,loss/train,46,0.06262926012277603
2A,2A_20260530_184804_More_layers+More_heads+Bigger_d,loss/train,47,0.0592494010925293
2A,2A_20260530_184804_More_layers+More_heads+Bigger_d,loss/train,48,0.05617585778236389
2A,2A_20260530_184804_More_layers+More_heads+Bigger_d,loss/train,49,0.0534156896173954
2A,2A_20260530_184804_More_layers+More_heads+Bigger_d,loss/train,50,0.05079476162791252
2A,2A_20260530_184804_More_layers+More_heads+Bigger_d,loss/train,51,0.048505477607250214
2A,2A_20260530_184804_More_layers+More_heads+Bigger_d,loss/train,52,0.04607341066002846
2A,2A_20260530_184804_More_layers+More_heads+Bigger_d,loss/train,53,0.043673571199178696
2A,2A_20260530_184804_More_layers+More_heads+Bigger_d,loss/train,54,0.041700202971696854
2A,2A_20260530_184804_More_layers+More_heads+Bigger_d,loss/train,55,0.04046798124909401
2A,2A_20260530_184804_More_layers+More_heads+Bigger_d,loss/train,56,0.037798091769218445
2A,2A_20260530_184804_More_layers+More_heads+Bigger_d,loss/train,57,0.035848911851644516
2A,2A_20260530_184804_More_layers+More_heads+Bigger_d,slot_f1/dev,0,0.0
2A,2A_20260530_184804_More_layers+More_heads+Bigger_d,slot_f1/dev,1,0.0011813349556177855
2A,2A_20260530_184804_More_layers+More_heads+Bigger_d,slot_f1/dev,2,0.3300630748271942
2A,2A_20260530_184804_More_layers+More_heads+Bigger_d,slot_f1/dev,3,0.38724374771118164
2A,2A_20260530_184804_More_layers+More_heads+Bigger_d,slot_f1/dev,4,0.4870149791240692
2A,2A_20260530_184804_More_layers+More_heads+Bigger_d,slot_f1/dev,5,0.5331360697746277
2A,2A_20260530_184804_More_layers+More_heads+Bigger_d,slot_f1/dev,6,0.5873205661773682
2A,2A_20260530_184804_More_layers+More_heads+Bigger_d,slot_f1/dev,7,0.6178813576698303
2A,2A_20260530_184804_More_layers+More_heads+Bigger_d,slot_f1/dev,8,0.658823549747467
2A,2A_20260530_184804_More_layers+More_heads+Bigger_d,slot_f1/dev,9,0.7023391723632812
2A,2A_20260530_184804_More_layers+More_heads+Bigger_d,slot_f1/dev,10,0.745513379573822
2A,2A_20260530_184804_More_layers+More_heads+Bigger_d,slot_f1/dev,11,0.7632653117179871
2A,2A_20260530_184804_More_layers+More_heads+Bigger_d,slot_f1/dev,12,0.7829434275627136
2A,2A_20260530_184804_More_layers+More_heads+Bigger_d,slot_f1/dev,13,0.794152021408081
2A,2A_20260530_184804_More_layers+More_heads+Bigger_d,slot_f1/dev,14,0.8029239773750305
2A,2A_20260530_184804_More_layers+More_heads+Bigger_d,slot_f1/dev,15,0.8171411752700806
2A,2A_20260530_184804_More_layers+More_heads+Bigger_d,slot_f1/dev,16,0.8203309774398804
2A,2A_20260530_184804_More_layers+More_heads+Bigger_d,slot_f1/dev,17,0.828170657157898
2A,2A_20260530_184804_More_layers+More_heads+Bigger_d,slot_f1/dev,18,0.8414562344551086
2A,2A_20260530_184804_More_layers+More_heads+Bigger_d,slot_f1/dev,19,0.8383868336677551
2A,2A_20260530_184804_More_layers+More_heads+Bigger_d,slot_f1/dev,20,0.8443271517753601
2A,2A_20260530_184804_More_layers+More_heads+Bigger_d,slot_f1/dev,21,0.8474576473236084
2A,2A_20260530_184804_More_layers+More_heads+Bigger_d,slot_f1/dev,22,0.8514851331710815
2A,2A_20260530_184804_More_layers+More_heads+Bigger_d,slot_f1/dev,23,0.8573102951049805
2A,2A_20260530_184804_More_layers+More_heads+Bigger_d,slot_f1/dev,24,0.8566402792930603
2A,2A_20260530_184804_More_layers+More_heads+Bigger_d,slot_f1/dev,25,0.8541238903999329
2A,2A_20260530_184804_More_layers+More_heads+Bigger_d,slot_f1/dev,26,0.8616554737091064
2A,2A_20260530_184804_More_layers+More_heads+Bigger_d,slot_f1/dev,27,0.8649442195892334
2A,2A_20260530_184804_More_layers+More_heads+Bigger_d,slot_f1/dev,28,0.8676815032958984
2A,2A_20260530_184804_More_layers+More_heads+Bigger_d,slot_f1/dev,29,0.8616370558738708
2A,2A_20260530_184804_More_layers+More_heads+Bigger_d,slot_f1/dev,30,0.8743041157722473
2A,2A_20260530_184804_More_layers+More_heads+Bigger_d,slot_f1/dev,31,0.8696668744087219
2A,2A_20260530_184804_More_layers+More_heads+Bigger_d,slot_f1/dev,32,0.8745603561401367
2A,2A_20260530_184804_More_layers+More_heads+Bigger_d,slot_f1/dev,33,0.8810778856277466
2A,2A_20260530_184804_More_layers+More_heads+Bigger_d,slot_f1/dev,34,0.8840070366859436
2A,2A_20260530_184804_More_layers+More_heads+Bigger_d,slot_f1/dev,35,0.881544291973114
2A,2A_20260530_184804_More_layers+More_heads+Bigger_d,slot_f1/dev,36,0.8866219520568848
2A,2A_20260530_184804_More_layers+More_heads+Bigger_d,slot_f1/dev,37,0.8877192735671997
2A,2A_20260530_184804_More_layers+More_heads+Bigger_d,slot_f1/dev,38,0.8877820372581482
2A,2A_20260530_184804_More_layers+More_heads+Bigger_d,slot_f1/dev,39,0.895382821559906
2A,2A_20260530_184804_More_layers+More_heads+Bigger_d,slot_f1/dev,40,0.8987712264060974
2A,2A_20260530_184804_More_layers+More_heads+Bigger_d,slot_f1/dev,41,0.9082380533218384
2A,2A_20260530_184804_More_layers+More_heads+Bigger_d,slot_f1/dev,42,0.9095168113708496
2A,2A_20260530_184804_More_layers+More_heads+Bigger_d,slot_f1/dev,43,0.9135657548904419
2A,2A_20260530_184804_More_layers+More_heads+Bigger_d,slot_f1/dev,44,0.9159097671508789
2A,2A_20260530_184804_More_layers+More_heads+Bigger_d,slot_f1/dev,45,0.9177159667015076
2A,2A_20260530_184804_More_layers+More_heads+Bigger_d,slot_f1/dev,46,0.92136150598526
2A,2A_20260530_184804_More_layers+More_heads+Bigger_d,slot_f1/dev,47,0.9203280806541443
2A,2A_20260530_184804_More_layers+More_heads+Bigger_d,slot_f1/dev,48,0.9244730472564697
2A,2A_20260530_184804_More_layers+More_heads+Bigger_d,slot_f1/dev,49,0.9241136908531189
2A,2A_20260530_184804_More_layers+More_heads+Bigger_d,slot_f1/dev,50,0.9276296496391296
2A,2A_20260530_184804_More_layers+More_heads+Bigger_d,slot_f1/dev,51,0.9260563254356384
2A,2A_20260530_184804_More_layers+More_heads+Bigger_d,slot_f1/dev,52,0.9285295605659485
2A,2A_20260530_184804_More_layers+More_heads+Bigger_d,slot_f1/dev,53,0.9268578290939331
2A,2A_20260530_184804_More_layers+More_heads+Bigger_d,slot_f1/dev,54,0.9271873235702515
2A,2A_20260530_184804_More_layers+More_heads+Bigger_d,slot_f1/dev,55,0.9261862635612488
2A,2A_20260530_184804_More_layers+More_heads+Bigger_d,slot_f1/dev,56,0.9270436763763428
2A,2A_20260530_184804_More_layers+More_heads+Bigger_d,slot_f1/dev,57,0.9255568385124207
2A,2A_20260530_184804_More_layers+More_heads+Bigger_d,intent_acc/dev,0,0.736947774887085
2A,2A_20260530_184804_More_layers+More_heads+Bigger_d,intent_acc/dev,1,0.736947774887085
2A,2A_20260530_184804_More_layers+More_heads+Bigger_d,intent_acc/dev,2,0.759036123752594
2A,2A_20260530_184804_More_layers+More_heads+Bigger_d,intent_acc/dev,3,0.7550200819969177
2A,2A_20260530_184804_More_layers+More_heads+Bigger_d,intent_acc/dev,4,0.7610442042350769
2A,2A_20260530_184804_More_layers+More_heads+Bigger_d,intent_acc/dev,5,0.7710843086242676
2A,2A_20260530_184804_More_layers+More_heads+Bigger_d,intent_acc/dev,6,0.8393574357032776
2A,2A_20260530_184804_More_layers+More_heads+Bigger_d,intent_acc/dev,7,0.8654618263244629
2A,2A_20260530_184804_More_layers+More_heads+Bigger_d,intent_acc/dev,8,0.8654618263244629
2A,2A_20260530_184804_More_layers+More_heads+Bigger_d,intent_acc/dev,9,0.8835341334342957
2A,2A_20260530_184804_More_layers+More_heads+Bigger_d,intent_acc/dev,10,0.9036144614219666
2A,2A_20260530_184804_More_layers+More_heads+Bigger_d,intent_acc/dev,11,0.913654625415802
2A,2A_20260530_184804_More_layers+More_heads+Bigger_d,intent_acc/dev,12,0.9156626462936401
2A,2A_20260530_184804_More_layers+More_heads+Bigger_d,intent_acc/dev,13,0.9257028102874756
2A,2A_20260530_184804_More_layers+More_heads+Bigger_d,intent_acc/dev,14,0.9236947894096375
2A,2A_20260530_184804_More_layers+More_heads+Bigger_d,intent_acc/dev,15,0.935742974281311
2A,2A_20260530_184804_More_layers+More_heads+Bigger_d,intent_acc/dev,16,0.9377509951591492
2A,2A_20260530_184804_More_layers+More_heads+Bigger_d,intent_acc/dev,17,0.9417670965194702
2A,2A_20260530_184804_More_layers+More_heads+Bigger_d,intent_acc/dev,18,0.9297188520431519
2A,2A_20260530_184804_More_layers+More_heads+Bigger_d,intent_acc/dev,19,0.9477911591529846
2A,2A_20260530_184804_More_layers+More_heads+Bigger_d,intent_acc/dev,20,0.9417670965194702
2A,2A_20260530_184804_More_layers+More_heads+Bigger_d,intent_acc/dev,21,0.9437751173973083
2A,2A_20260530_184804_More_layers+More_heads+Bigger_d,intent_acc/dev,22,0.9437751173973083
2A,2A_20260530_184804_More_layers+More_heads+Bigger_d,intent_acc/dev,23,0.9457831382751465
2A,2A_20260530_184804_More_layers+More_heads+Bigger_d,intent_acc/dev,24,0.9397590160369873
2A,2A_20260530_184804_More_layers+More_heads+Bigger_d,intent_acc/dev,25,0.9397590160369873
2A,2A_20260530_184804_More_layers+More_heads+Bigger_d,intent_acc/dev,26,0.9518072009086609
2A,2A_20260530_184804_More_layers+More_heads+Bigger_d,intent_acc/dev,27,0.9497991800308228
2A,2A_20260530_184804_More_layers+More_heads+Bigger_d,intent_acc/dev,28,0.9437751173973083
2A,2A_20260530_184804_More_layers+More_heads+Bigger_d,intent_acc/dev,29,0.9477911591529846
2A,2A_20260530_184804_More_layers+More_heads+Bigger_d,intent_acc/dev,30,0.9497991800308228
2A,2A_20260530_184804_More_layers+More_heads+Bigger_d,intent_acc/dev,31,0.9497991800308228
2A,2A_20260530_184804_More_layers+More_heads+Bigger_d,intent_acc/dev,32,0.9477911591529846
2A,2A_20260530_184804_More_layers+More_heads+Bigger_d,intent_acc/dev,33,0.9477911591529846
2A,2A_20260530_184804_More_layers+More_heads+Bigger_d,intent_acc/dev,34,0.9497991800308228
2A,2A_20260530_184804_More_layers+More_heads+Bigger_d,intent_acc/dev,35,0.9457831382751465
2A,2A_20260530_184804_More_layers+More_heads+Bigger_d,intent_acc/dev,36,0.9497991800308228
2A,2A_20260530_184804_More_layers+More_heads+Bigger_d,intent_acc/dev,37,0.9437751173973083
2A,2A_20260530_184804_More_layers+More_heads+Bigger_d,intent_acc/dev,38,0.9457831382751465
2A,2A_20260530_184804_More_layers+More_heads+Bigger_d,intent_acc/dev,39,0.9497991800308228
2A,2A_20260530_184804_More_layers+More_heads+Bigger_d,intent_acc/dev,40,0.9538152813911438
2A,2A_20260530_184804_More_layers+More_heads+Bigger_d,intent_acc/dev,41,0.9538152813911438
2A,2A_20260530_184804_More_layers+More_heads+Bigger_d,intent_acc/dev,42,0.9518072009086609
2A,2A_20260530_184804_More_layers+More_heads+Bigger_d,intent_acc/dev,43,0.9497991800308228
2A,2A_20260530_184804_More_layers+More_heads+Bigger_d,intent_acc/dev,44,0.9497991800308228
2A,2A_20260530_184804_More_layers+More_heads+Bigger_d,intent_acc/dev,45,0.9497991800308228
2A,2A_20260530_184804_More_layers+More_heads+Bigger_d,intent_acc/dev,46,0.9518072009086609
2A,2A_20260530_184804_More_layers+More_heads+Bigger_d,intent_acc/dev,47,0.9518072009086609
2A,2A_20260530_184804_More_layers+More_heads+Bigger_d,intent_acc/dev,48,0.9598393440246582
2A,2A_20260530_184804_More_layers+More_heads+Bigger_d,intent_acc/dev,49,0.9538152813911438
2A,2A_20260530_184804_More_layers+More_heads+Bigger_d,intent_acc/dev,50,0.9558233022689819
2A,2A_20260530_184804_More_layers+More_heads+Bigger_d,intent_acc/dev,51,0.9598393440246582
2A,2A_20260530_184804_More_layers+More_heads+Bigger_d,intent_acc/dev,52,0.9598393440246582
2A,2A_20260530_184804_More_layers+More_heads+Bigger_d,intent_acc/dev,53,0.9598393440246582
2A,2A_20260530_184804_More_layers+More_heads+Bigger_d,intent_acc/dev,54,0.9558233022689819
2A,2A_20260530_184804_More_layers+More_heads+Bigger_d,intent_acc/dev,55,0.9598393440246582
2A,2A_20260530_184804_More_layers+More_heads+Bigger_d,intent_acc/dev,56,0.9598393440246582
2A,2A_20260530_184804_More_layers+More_heads+Bigger_d,intent_acc/dev,57,0.9598393440246582
2A,2A_20260530_184226_More_heads+Bigger_d,slot_f1/test,0,0.0
2A,2A_20260530_184226_More_heads+Bigger_d,slot_f1/test,5,0.4918566644191742
2A,2A_20260530_184226_More_heads+Bigger_d,slot_f1/test,10,0.689897894859314
2A,2A_20260530_184226_More_heads+Bigger_d,slot_f1/test,15,0.7694454193115234
2A,2A_20260530_184226_More_heads+Bigger_d,slot_f1/test,20,0.8046380877494812
2A,2A_20260530_184226_More_heads+Bigger_d,slot_f1/test,25,0.8363381624221802
2A,2A_20260530_184226_More_heads+Bigger_d,slot_f1/test,30,0.8485589623451233
2A,2A_20260530_184226_More_heads+Bigger_d,slot_f1/test,35,0.8584872484207153
2A,2A_20260530_184226_More_heads+Bigger_d,slot_f1/test,40,0.8539130687713623
2A,2A_20260530_184226_More_heads+Bigger_d,slot_f1/test,45,0.8667362332344055
2A,2A_20260530_184226_More_heads+Bigger_d,slot_f1/test,50,0.8708948493003845
2A,2A_20260530_184226_More_heads+Bigger_d,slot_f1/test,55,0.8702157139778137
2A,2A_20260530_184226_More_heads+Bigger_d,slot_f1/test,100,0.872107207775116
2A,2A_20260530_184226_More_heads+Bigger_d,intent_acc/test,0,0.707726776599884
2A,2A_20260530_184226_More_heads+Bigger_d,intent_acc/test,5,0.7592385411262512
2A,2A_20260530_184226_More_heads+Bigger_d,intent_acc/test,10,0.7973124384880066
2A,2A_20260530_184226_More_heads+Bigger_d,intent_acc/test,15,0.856662929058075
2A,2A_20260530_184226_More_heads+Bigger_d,intent_acc/test,20,0.8600224256515503
2A,2A_20260530_184226_More_heads+Bigger_d,intent_acc/test,25,0.8824188113212585
2A,2A_20260530_184226_More_heads+Bigger_d,intent_acc/test,30,0.8779395222663879
2A,2A_20260530_184226_More_heads+Bigger_d,intent_acc/test,35,0.8992161154747009
2A,2A_20260530_184226_More_heads+Bigger_d,intent_acc/test,40,0.9081746935844421
2A,2A_20260530_184226_More_heads+Bigger_d,intent_acc/test,45,0.913773775100708
2A,2A_20260530_184226_More_heads+Bigger_d,intent_acc/test,50,0.9171332716941833
2A,2A_20260530_184226_More_heads+Bigger_d,intent_acc/test,55,0.913773775100708
2A,2A_20260530_184226_More_heads+Bigger_d,intent_acc/test,100,0.9182530641555786
2A,2A_20260530_184226_More_heads+Bigger_d,loss/train,0,5.998144626617432
2A,2A_20260530_184226_More_heads+Bigger_d,loss/train,1,2.9712929725646973
2A,2A_20260530_184226_More_heads+Bigger_d,loss/train,2,2.6050631999969482
2A,2A_20260530_184226_More_heads+Bigger_d,loss/train,3,2.2001490592956543
2A,2A_20260530_184226_More_heads+Bigger_d,loss/train,4,1.8752212524414062
2A,2A_20260530_184226_More_heads+Bigger_d,loss/train,5,1.6716487407684326
2A,2A_20260530_184226_More_heads+Bigger_d,loss/train,6,1.5055049657821655
2A,2A_20260530_184226_More_heads+Bigger_d,loss/train,7,1.319318413734436
2A,2A_20260530_184226_More_heads+Bigger_d,loss/train,8,1.1727439165115356
2A,2A_20260530_184226_More_heads+Bigger_d,loss/train,9,1.0649824142456055
2A,2A_20260530_184226_More_heads+Bigger_d,loss/train,10,0.9601721167564392
2A,2A_20260530_184226_More_heads+Bigger_d,loss/train,11,0.8478451371192932
2A,2A_20260530_184226_More_heads+Bigger_d,loss/train,12,0.7636953592300415
2A,2A_20260530_184226_More_heads+Bigger_d,loss/train,13,0.6843535900115967
2A,2A_20260530_184226_More_heads+Bigger_d,loss/train,14,0.6148315668106079
2A,2A_20260530_184226_More_heads+Bigger_d,loss/train,15,0.547039806842804
2A,2A_20260530_184226_More_heads+Bigger_d,loss/train,16,0.4915908873081207
2A,2A_20260530_184226_More_heads+Bigger_d,loss/train,17,0.4532603919506073
2A,2A_20260530_184226_More_heads+Bigger_d,loss/train,18,0.41464391350746155
2A,2A_20260530_184226_More_heads+Bigger_d,loss/train,19,0.38438138365745544
2A,2A_20260530_184226_More_heads+Bigger_d,loss/train,20,0.3556721806526184
2A,2A_20260530_184226_More_heads+Bigger_d,loss/train,21,0.3359746038913727
2A,2A_20260530_184226_More_heads+Bigger_d,loss/train,22,0.3162190318107605
2A,2A_20260530_184226_More_heads+Bigger_d,loss/train,23,0.28519904613494873
2A,2A_20260530_184226_More_heads+Bigger_d,loss/train,24,0.26356104016304016
2A,2A_20260530_184226_More_heads+Bigger_d,loss/train,25,0.24954955279827118
2A,2A_20260530_184226_More_heads+Bigger_d,loss/train,26,0.23646371066570282
2A,2A_20260530_184226_More_heads+Bigger_d,loss/train,27,0.21960526704788208
2A,2A_20260530_184226_More_heads+Bigger_d,loss/train,28,0.20701618492603302
2A,2A_20260530_184226_More_heads+Bigger_d,loss/train,29,0.19486677646636963
2A,2A_20260530_184226_More_heads+Bigger_d,loss/train,30,0.18117325007915497
2A,2A_20260530_184226_More_heads+Bigger_d,loss/train,31,0.17198987305164337
2A,2A_20260530_184226_More_heads+Bigger_d,loss/train,32,0.16004621982574463
2A,2A_20260530_184226_More_heads+Bigger_d,loss/train,33,0.1506955772638321
2A,2A_20260530_184226_More_heads+Bigger_d,loss/train,34,0.14172837138175964
2A,2A_20260530_184226_More_heads+Bigger_d,loss/train,35,0.13429398834705353
2A,2A_20260530_184226_More_heads+Bigger_d,loss/train,36,0.12696529924869537
2A,2A_20260530_184226_More_heads+Bigger_d,loss/train,37,0.12138377875089645
2A,2A_20260530_184226_More_heads+Bigger_d,loss/train,38,0.11731381714344025
2A,2A_20260530_184226_More_heads+Bigger_d,loss/train,39,0.11862655729055405
2A,2A_20260530_184226_More_heads+Bigger_d,loss/train,40,0.12118443846702576
2A,2A_20260530_184226_More_heads+Bigger_d,loss/train,41,0.11486970633268356
2A,2A_20260530_184226_More_heads+Bigger_d,loss/train,42,0.09981894493103027
2A,2A_20260530_184226_More_heads+Bigger_d,loss/train,43,0.09297078847885132
2A,2A_20260530_184226_More_heads+Bigger_d,loss/train,44,0.08634167909622192
2A,2A_20260530_184226_More_heads+Bigger_d,loss/train,45,0.08156099170446396
2A,2A_20260530_184226_More_heads+Bigger_d,loss/train,46,0.07764680683612823
2A,2A_20260530_184226_More_heads+Bigger_d,loss/train,47,0.07478725165128708
2A,2A_20260530_184226_More_heads+Bigger_d,loss/train,48,0.07149021327495575
2A,2A_20260530_184226_More_heads+Bigger_d,loss/train,49,0.06832338124513626
2A,2A_20260530_184226_More_heads+Bigger_d,loss/train,50,0.06560300290584564
2A,2A_20260530_184226_More_heads+Bigger_d,loss/train,51,0.062231551855802536
2A,2A_20260530_184226_More_heads+Bigger_d,loss/train,52,0.0603204146027565
2A,2A_20260530_184226_More_heads+Bigger_d,loss/train,53,0.057555582374334335
2A,2A_20260530_184226_More_heads+Bigger_d,loss/train,54,0.055338066071271896
2A,2A_20260530_184226_More_heads+Bigger_d,loss/train,55,0.05336309224367142
2A,2A_20260530_184226_More_heads+Bigger_d,loss/train,56,0.051182009279727936
2A,2A_20260530_184226_More_heads+Bigger_d,loss/train,57,0.04995058476924896
2A,2A_20260530_184226_More_heads+Bigger_d,slot_f1/dev,0,0.0
2A,2A_20260530_184226_More_heads+Bigger_d,slot_f1/dev,1,0.0023557126987725496
2A,2A_20260530_184226_More_heads+Bigger_d,slot_f1/dev,2,0.2395264059305191
2A,2A_20260530_184226_More_heads+Bigger_d,slot_f1/dev,3,0.3887762129306793
2A,2A_20260530_184226_More_heads+Bigger_d,slot_f1/dev,4,0.4563257694244385
2A,2A_20260530_184226_More_heads+Bigger_d,slot_f1/dev,5,0.5438753962516785
2A,2A_20260530_184226_More_heads+Bigger_d,slot_f1/dev,6,0.5734639167785645
2A,2A_20260530_184226_More_heads+Bigger_d,slot_f1/dev,7,0.6053014993667603
2A,2A_20260530_184226_More_heads+Bigger_d,slot_f1/dev,8,0.6447330713272095
2A,2A_20260530_184226_More_heads+Bigger_d,slot_f1/dev,9,0.6911117434501648
2A,2A_20260530_184226_More_heads+Bigger_d,slot_f1/dev,10,0.7382199168205261
2A,2A_20260530_184226_More_heads+Bigger_d,slot_f1/dev,11,0.764551043510437
2A,2A_20260530_184226_More_heads+Bigger_d,slot_f1/dev,12,0.789258599281311
2A,2A_20260530_184226_More_heads+Bigger_d,slot_f1/dev,13,0.7947445511817932
2A,2A_20260530_184226_More_heads+Bigger_d,slot_f1/dev,14,0.8046852350234985
2A,2A_20260530_184226_More_heads+Bigger_d,slot_f1/dev,15,0.8095376491546631
2A,2A_20260530_184226_More_heads+Bigger_d,slot_f1/dev,16,0.8242495059967041
2A,2A_20260530_184226_More_heads+Bigger_d,slot_f1/dev,17,0.8258590698242188
2A,2A_20260530_184226_More_heads+Bigger_d,slot_f1/dev,18,0.8332361578941345
2A,2A_20260530_184226_More_heads+Bigger_d,slot_f1/dev,19,0.84272301197052
2A,2A_20260530_184226_More_heads+Bigger_d,slot_f1/dev,20,0.8460187315940857
2A,2A_20260530_184226_More_heads+Bigger_d,slot_f1/dev,21,0.8495781421661377
2A,2A_20260530_184226_More_heads+Bigger_d,slot_f1/dev,22,0.8639018535614014
2A,2A_20260530_184226_More_heads+Bigger_d,slot_f1/dev,23,0.8694127798080444
2A,2A_20260530_184226_More_heads+Bigger_d,slot_f1/dev,24,0.8718549013137817
2A,2A_20260530_184226_More_heads+Bigger_d,slot_f1/dev,25,0.8780345320701599
2A,2A_20260530_184226_More_heads+Bigger_d,slot_f1/dev,26,0.8836118578910828
2A,2A_20260530_184226_More_heads+Bigger_d,slot_f1/dev,27,0.8863636255264282
2A,2A_20260530_184226_More_heads+Bigger_d,slot_f1/dev,28,0.8902618288993835
2A,2A_20260530_184226_More_heads+Bigger_d,slot_f1/dev,29,0.8914185762405396
2A,2A_20260530_184226_More_heads+Bigger_d,slot_f1/dev,30,0.8961876630783081
2A,2A_20260530_184226_More_heads+Bigger_d,slot_f1/dev,31,0.89552241563797
2A,2A_20260530_184226_More_heads+Bigger_d,slot_f1/dev,32,0.8953999280929565
2A,2A_20260530_184226_More_heads+Bigger_d,slot_f1/dev,33,0.8959064483642578
2A,2A_20260530_184226_More_heads+Bigger_d,slot_f1/dev,34,0.8981616497039795
2A,2A_20260530_184226_More_heads+Bigger_d,slot_f1/dev,35,0.8952603936195374
2A,2A_20260530_184226_More_heads+Bigger_d,slot_f1/dev,36,0.899588942527771
2A,2A_20260530_184226_More_heads+Bigger_d,slot_f1/dev,37,0.9019953012466431
2A,2A_20260530_184226_More_heads+Bigger_d,slot_f1/dev,38,0.9027533531188965
2A,2A_20260530_184226_More_heads+Bigger_d,slot_f1/dev,39,0.8997669219970703
2A,2A_20260530_184226_More_heads+Bigger_d,slot_f1/dev,40,0.9024532437324524
2A,2A_20260530_184226_More_heads+Bigger_d,slot_f1/dev,41,0.9082918167114258
2A,2A_20260530_184226_More_heads+Bigger_d,slot_f1/dev,42,0.9061583280563354
2A,2A_20260530_184226_More_heads+Bigger_d,slot_f1/dev,43,0.9075482487678528
2A,2A_20260530_184226_More_heads+Bigger_d,slot_f1/dev,44,0.9097832441329956
2A,2A_20260530_184226_More_heads+Bigger_d,slot_f1/dev,45,0.9112737774848938
2A,2A_20260530_184226_More_heads+Bigger_d,slot_f1/dev,46,0.9114811420440674
2A,2A_20260530_184226_More_heads+Bigger_d,slot_f1/dev,47,0.9105263352394104
2A,2A_20260530_184226_More_heads+Bigger_d,slot_f1/dev,48,0.9157401919364929
2A,2A_20260530_184226_More_heads+Bigger_d,slot_f1/dev,49,0.9113776087760925
2A,2A_20260530_184226_More_heads+Bigger_d,slot_f1/dev,50,0.92005854845047
2A,2A_20260530_184226_More_heads+Bigger_d,slot_f1/dev,51,0.9192838072776794
2A,2A_20260530_184226_More_heads+Bigger_d,slot_f1/dev,52,0.9217238426208496
2A,2A_20260530_184226_More_heads+Bigger_d,slot_f1/dev,53,0.9203643798828125
2A,2A_20260530_184226_More_heads+Bigger_d,slot_f1/dev,54,0.9193784594535828
2A,2A_20260530_184226_More_heads+Bigger_d,slot_f1/dev,55,0.9182537198066711
2A,2A_20260530_184226_More_heads+Bigger_d,slot_f1/dev,56,0.9205977320671082
2A,2A_20260530_184226_More_heads+Bigger_d,slot_f1/dev,57,0.9209601879119873
2A,2A_20260530_184226_More_heads+Bigger_d,intent_acc/dev,0,0.736947774887085
2A,2A_20260530_184226_More_heads+Bigger_d,intent_acc/dev,1,0.736947774887085
2A,2A_20260530_184226_More_heads+Bigger_d,intent_acc/dev,2,0.736947774887085
2A,2A_20260530_184226_More_heads+Bigger_d,intent_acc/dev,3,0.7510040402412415
2A,2A_20260530_184226_More_heads+Bigger_d,intent_acc/dev,4,0.7550200819969177
2A,2A_20260530_184226_More_heads+Bigger_d,intent_acc/dev,5,0.7690762877464294
2A,2A_20260530_184226_More_heads+Bigger_d,intent_acc/dev,6,0.7751004099845886
2A,2A_20260530_184226_More_heads+Bigger_d,intent_acc/dev,7,0.8132529854774475
2A,2A_20260530_184226_More_heads+Bigger_d,intent_acc/dev,8,0.8293172717094421
2A,2A_20260530_184226_More_heads+Bigger_d,intent_acc/dev,9,0.8554216623306274
2A,2A_20260530_184226_More_heads+Bigger_d,intent_acc/dev,10,0.8574297428131104
2A,2A_20260530_184226_More_heads+Bigger_d,intent_acc/dev,11,0.8674699068069458
2A,2A_20260530_184226_More_heads+Bigger_d,intent_acc/dev,12,0.8955823183059692
2A,2A_20260530_184226_More_heads+Bigger_d,intent_acc/dev,13,0.8975903391838074
2A,2A_20260530_184226_More_heads+Bigger_d,intent_acc/dev,14,0.9016064405441284
2A,2A_20260530_184226_More_heads+Bigger_d,intent_acc/dev,15,0.8975903391838074
2A,2A_20260530_184226_More_heads+Bigger_d,intent_acc/dev,16,0.9096385836601257
2A,2A_20260530_184226_More_heads+Bigger_d,intent_acc/dev,17,0.9116466045379639
2A,2A_20260530_184226_More_heads+Bigger_d,intent_acc/dev,18,0.9236947894096375
2A,2A_20260530_184226_More_heads+Bigger_d,intent_acc/dev,19,0.9216867685317993
2A,2A_20260530_184226_More_heads+Bigger_d,intent_acc/dev,20,0.9076305031776428
2A,2A_20260530_184226_More_heads+Bigger_d,intent_acc/dev,21,0.9297188520431519
2A,2A_20260530_184226_More_heads+Bigger_d,intent_acc/dev,22,0.935742974281311
2A,2A_20260530_184226_More_heads+Bigger_d,intent_acc/dev,23,0.9377509951591492
2A,2A_20260530_184226_More_heads+Bigger_d,intent_acc/dev,24,0.935742974281311
2A,2A_20260530_184226_More_heads+Bigger_d,intent_acc/dev,25,0.9337349534034729
2A,2A_20260530_184226_More_heads+Bigger_d,intent_acc/dev,26,0.9317269325256348
2A,2A_20260530_184226_More_heads+Bigger_d,intent_acc/dev,27,0.9397590160369873
2A,2A_20260530_184226_More_heads+Bigger_d,intent_acc/dev,28,0.9417670965194702
2A,2A_20260530_184226_More_heads+Bigger_d,intent_acc/dev,29,0.9417670965194702
2A,2A_20260530_184226_More_heads+Bigger_d,intent_acc/dev,30,0.9397590160369873
2A,2A_20260530_184226_More_heads+Bigger_d,intent_acc/dev,31,0.9437751173973083
2A,2A_20260530_184226_More_heads+Bigger_d,intent_acc/dev,32,0.9437751173973083
2A,2A_20260530_184226_More_heads+Bigger_d,intent_acc/dev,33,0.9457831382751465
2A,2A_20260530_184226_More_heads+Bigger_d,intent_acc/dev,34,0.9457831382751465
2A,2A_20260530_184226_More_heads+Bigger_d,intent_acc/dev,35,0.9518072009086609
2A,2A_20260530_184226_More_heads+Bigger_d,intent_acc/dev,36,0.9518072009086609
2A,2A_20260530_184226_More_heads+Bigger_d,intent_acc/dev,37,0.9518072009086609
2A,2A_20260530_184226_More_heads+Bigger_d,intent_acc/dev,38,0.9417670965194702
2A,2A_20260530_184226_More_heads+Bigger_d,intent_acc/dev,39,0.9518072009086609
2A,2A_20260530_184226_More_heads+Bigger_d,intent_acc/dev,40,0.9497991800308228
2A,2A_20260530_184226_More_heads+Bigger_d,intent_acc/dev,41,0.9538152813911438
2A,2A_20260530_184226_More_heads+Bigger_d,intent_acc/dev,42,0.9518072009086609
2A,2A_20260530_184226_More_heads+Bigger_d,intent_acc/dev,43,0.9558233022689819
2A,2A_20260530_184226_More_heads+Bigger_d,intent_acc/dev,44,0.9538152813911438
2A,2A_20260530_184226_More_heads+Bigger_d,intent_acc/dev,45,0.9538152813911438
2A,2A_20260530_184226_More_heads+Bigger_d,intent_acc/dev,46,0.9518072009086609
2A,2A_20260530_184226_More_heads+Bigger_d,intent_acc/dev,47,0.9497991800308228
2A,2A_20260530_184226_More_heads+Bigger_d,intent_acc/dev,48,0.9538152813911438
2A,2A_20260530_184226_More_heads+Bigger_d,intent_acc/dev,49,0.9538152813911438
2A,2A_20260530_184226_More_heads+Bigger_d,intent_acc/dev,50,0.9558233022689819
2A,2A_20260530_184226_More_heads+Bigger_d,intent_acc/dev,51,0.9558233022689819
2A,2A_20260530_184226_More_heads+Bigger_d,intent_acc/dev,52,0.9578313231468201
2A,2A_20260530_184226_More_heads+Bigger_d,intent_acc/dev,53,0.9578313231468201
2A,2A_20260530_184226_More_heads+Bigger_d,intent_acc/dev,54,0.9578313231468201
2A,2A_20260530_184226_More_heads+Bigger_d,intent_acc/dev,55,0.9578313231468201
2A,2A_20260530_184226_More_heads+Bigger_d,intent_acc/dev,56,0.9578313231468201
2A,2A_20260530_184226_More_heads+Bigger_d,intent_acc/dev,57,0.9578313231468201
2A,2A_20260522_174029_Baseline,slot_f1/test,0,0.1331469565629959
2A,2A_20260522_174029_Baseline,slot_f1/test,5,0.049716804176568985
2A,2A_20260522_174029_Baseline,slot_f1/test,10,0.32166218757629395
2A,2A_20260522_174029_Baseline,slot_f1/test,15,0.45825931429862976
2A,2A_20260522_174029_Baseline,slot_f1/test,20,0.5202513933181763
2A,2A_20260522_174029_Baseline,slot_f1/test,25,0.57072913646698
2A,2A_20260522_174029_Baseline,slot_f1/test,30,0.5955231785774231
2A,2A_20260522_174029_Baseline,slot_f1/test,35,0.6313779950141907
2A,2A_20260522_174029_Baseline,slot_f1/test,40,0.6997196674346924
2A,2A_20260522_174029_Baseline,slot_f1/test,45,0.7552129030227661
2A,2A_20260522_174029_Baseline,slot_f1/test,50,0.7722737789154053
2A,2A_20260522_174029_Baseline,slot_f1/test,55,0.7798213362693787
2A,2A_20260522_174029_Baseline,slot_f1/test,60,0.7897040843963623
2A,2A_20260522_174029_Baseline,slot_f1/test,65,0.799369752407074
2A,2A_20260522_174029_Baseline,slot_f1/test,70,0.8033016920089722
2A,2A_20260522_174029_Baseline,slot_f1/test,75,0.8092566728591919
2A,2A_20260522_174029_Baseline,intent_acc/test,0,0.707726776599884
2A,2A_20260522_174029_Baseline,intent_acc/test,5,0.707726776599884
2A,2A_20260522_174029_Baseline,intent_acc/test,10,0.74916011095047
2A,2A_20260522_174029_Baseline,intent_acc/test,15,0.7547592520713806
2A,2A_20260522_174029_Baseline,intent_acc/test,20,0.7973124384880066
2A,2A_20260522_174029_Baseline,intent_acc/test,25,0.8174691796302795
2A,2A_20260522_174029_Baseline,intent_acc/test,30,0.8241881132125854
2A,2A_20260522_174029_Baseline,intent_acc/test,35,0.8342665433883667
2A,2A_20260522_174029_Baseline,intent_acc/test,40,0.8589025735855103
2A,2A_20260522_174029_Baseline,intent_acc/test,45,0.8656215071678162
2A,2A_20260522_174029_Baseline,intent_acc/test,50,0.8633818626403809
2A,2A_20260522_174029_Baseline,intent_acc/test,55,0.8645016551017761
2A,2A_20260522_174029_Baseline,intent_acc/test,60,0.8701007962226868
2A,2A_20260522_174029_Baseline,intent_acc/test,65,0.8723404407501221
2A,2A_20260522_174029_Baseline,intent_acc/test,70,0.8835386633872986
2A,2A_20260522_174029_Baseline,intent_acc/test,75,0.8846584558486938
2A,2A_20260522_174029_Baseline,loss/train,0,7.643961429595947
2A,2A_20260522_174029_Baseline,loss/train,1,5.66732120513916
2A,2A_20260522_174029_Baseline,loss/train,2,3.493929624557495
2A,2A_20260522_174029_Baseline,loss/train,3,2.946652412414551
2A,2A_20260522_174029_Baseline,loss/train,4,2.8013949394226074
2A,2A_20260522_174029_Baseline,loss/train,5,2.667752742767334
2A,2A_20260522_174029_Baseline,loss/train,6,2.5210092067718506
2A,2A_20260522_174029_Baseline,loss/train,7,2.3581717014312744
2A,2A_20260522_174029_Baseline,loss/train,8,2.1850814819335938
2A,2A_20260522_174029_Baseline,loss/train,9,2.0186703205108643
2A,2A_20260522_174029_Baseline,loss/train,10,1.8641064167022705
2A,2A_20260522_174029_Baseline,loss/train,11,1.7351888418197632
2A,2A_20260522_174029_Baseline,loss/train,12,1.6241862773895264
2A,2A_20260522_174029_Baseline,loss/train,13,1.5399043560028076
2A,2A_20260522_174029_Baseline,loss/train,14,1.4805282354354858
2A,2A_20260522_174029_Baseline,loss/train,15,1.413766622543335
2A,2A_20260522_174029_Baseline,loss/train,16,1.3574622869491577
2A,2A_20260522_174029_Baseline,loss/train,17,1.3045399188995361
2A,2A_20260522_174029_Baseline,loss/train,18,1.2607754468917847
2A,2A_20260522_174029_Baseline,loss/train,19,1.2244683504104614
2A,2A_20260522_174029_Baseline,loss/train,20,1.1832605600357056
2A,2A_20260522_174029_Baseline,loss/train,21,1.146527647972107
2A,2A_20260522_174029_Baseline,loss/train,22,1.1095095872879028
2A,2A_20260522_174029_Baseline,loss/train,23,1.0756760835647583
2A,2A_20260522_174029_Baseline,loss/train,24,1.0459023714065552
2A,2A_20260522_174029_Baseline,loss/train,25,1.012315034866333
2A,2A_20260522_174029_Baseline,loss/train,26,0.9852167963981628
2A,2A_20260522_174029_Baseline,loss/train,27,0.9570649266242981
2A,2A_20260522_174029_Baseline,loss/train,28,0.936661958694458
2A,2A_20260522_174029_Baseline,loss/train,29,0.9009802937507629
2A,2A_20260522_174029_Baseline,loss/train,30,0.8755213022232056
2A,2A_20260522_174029_Baseline,loss/train,31,0.8521854877471924
2A,2A_20260522_174029_Baseline,loss/train,32,0.8262588977813721
2A,2A_20260522_174029_Baseline,loss/train,33,0.8008329272270203
2A,2A_20260522_174029_Baseline,loss/train,34,0.782968282699585
2A,2A_20260522_174029_Baseline,loss/train,35,0.7601082921028137
2A,2A_20260522_174029_Baseline,loss/train,36,0.7402702569961548
2A,2A_20260522_174029_Baseline,loss/train,37,0.7171419262886047
2A,2A_20260522_174029_Baseline,loss/train,38,0.6974378824234009
2A,2A_20260522_174029_Baseline,loss/train,39,0.6728071570396423
2A,2A_20260522_174029_Baseline,loss/train,40,0.6499496102333069
2A,2A_20260522_174029_Baseline,loss/train,41,0.6315041184425354
2A,2A_20260522_174029_Baseline,loss/train,42,0.6123422980308533
2A,2A_20260522_174029_Baseline,loss/train,43,0.5974143147468567
2A,2A_20260522_174029_Baseline,loss/train,44,0.5722638368606567
2A,2A_20260522_174029_Baseline,loss/train,45,0.5529962182044983
2A,2A_20260522_174029_Baseline,loss/train,46,0.5352604389190674
2A,2A_20260522_174029_Baseline,loss/train,47,0.5225531458854675
2A,2A_20260522_174029_Baseline,loss/train,48,0.5063600540161133
2A,2A_20260522_174029_Baseline,loss/train,49,0.4924757778644562
2A,2A_20260522_174029_Baseline,loss/train,50,0.4828975796699524
2A,2A_20260522_174029_Baseline,loss/train,51,0.46941179037094116
2A,2A_20260522_174029_Baseline,loss/train,52,0.4604279100894928
2A,2A_20260522_174029_Baseline,loss/train,53,0.4470190107822418
2A,2A_20260522_174029_Baseline,loss/train,54,0.4348824918270111
2A,2A_20260522_174029_Baseline,loss/train,55,0.42413052916526794
2A,2A_20260522_174029_Baseline,loss/train,56,0.414569616317749
2A,2A_20260522_174029_Baseline,loss/train,57,0.4050295352935791
2A,2A_20260522_174029_Baseline,loss/train,58,0.3956742584705353
2A,2A_20260522_174029_Baseline,loss/train,59,0.38671430945396423
2A,2A_20260522_174029_Baseline,loss/train,60,0.3796740770339966
2A,2A_20260522_174029_Baseline,loss/train,61,0.3732292950153351
2A,2A_20260522_174029_Baseline,loss/train,62,0.36574628949165344
2A,2A_20260522_174029_Baseline,loss/train,63,0.3563738465309143
2A,2A_20260522_174029_Baseline,loss/train,64,0.3482213616371155
2A,2A_20260522_174029_Baseline,loss/train,65,0.3405759334564209
2A,2A_20260522_174029_Baseline,loss/train,66,0.33396023511886597
2A,2A_20260522_174029_Baseline,loss/train,67,0.32886528968811035
2A,2A_20260522_174029_Baseline,loss/train,68,0.321950227022171
2A,2A_20260522_174029_Baseline,loss/train,69,0.31338372826576233
2A,2A_20260522_174029_Baseline,loss/train,70,0.30717554688453674
2A,2A_20260522_174029_Baseline,loss/train,71,0.3030747175216675
2A,2A_20260522_174029_Baseline,loss/train,72,0.29432204365730286
2A,2A_20260522_174029_Baseline,loss/train,73,0.28875985741615295
2A,2A_20260522_174029_Baseline,loss/train,74,0.28256458044052124
2A,2A_20260522_174029_Baseline,slot_f1/dev,0,0.18241041898727417
2A,2A_20260522_174029_Baseline,slot_f1/dev,1,0.01371428556740284
2A,2A_20260522_174029_Baseline,slot_f1/dev,2,0.0
2A,2A_20260522_174029_Baseline,slot_f1/dev,3,0.0
2A,2A_20260522_174029_Baseline,slot_f1/dev,4,0.026951150968670845
2A,2A_20260522_174029_Baseline,slot_f1/dev,5,0.09935420006513596
2A,2A_20260522_174029_Baseline,slot_f1/dev,6,0.19596299529075623
2A,2A_20260522_174029_Baseline,slot_f1/dev,7,0.27672478556632996
2A,2A_20260522_174029_Baseline,slot_f1/dev,8,0.3698539137840271
2A,2A_20260522_174029_Baseline,slot_f1/dev,9,0.39534151554107666
2A,2A_20260522_174029_Baseline,slot_f1/dev,10,0.43529412150382996
2A,2A_20260522_174029_Baseline,slot_f1/dev,11,0.44484958052635193
2A,2A_20260522_174029_Baseline,slot_f1/dev,12,0.46388059854507446
2A,2A_20260522_174029_Baseline,slot_f1/dev,13,0.4922802746295929
2A,2A_20260522_174029_Baseline,slot_f1/dev,14,0.5030819177627563
2A,2A_20260522_174029_Baseline,slot_f1/dev,15,0.5266861915588379
2A,2A_20260522_174029_Baseline,slot_f1/dev,16,0.5468519330024719
2A,2A_20260522_174029_Baseline,slot_f1/dev,17,0.5611553192138672
2A,2A_20260522_174029_Baseline,slot_f1/dev,18,0.5812720656394958
2A,2A_20260522_174029_Baseline,slot_f1/dev,19,0.5876832604408264
2A,2A_20260522_174029_Baseline,slot_f1/dev,20,0.59772127866745
2A,2A_20260522_174029_Baseline,slot_f1/dev,21,0.5997080206871033
2A,2A_20260522_174029_Baseline,slot_f1/dev,22,0.6107226014137268
2A,2A_20260522_174029_Baseline,slot_f1/dev,23,0.6169096231460571
2A,2A_20260522_174029_Baseline,slot_f1/dev,24,0.624233603477478
2A,2A_20260522_174029_Baseline,slot_f1/dev,25,0.6364699006080627
2A,2A_20260522_174029_Baseline,slot_f1/dev,26,0.6408904790878296
2A,2A_20260522_174029_Baseline,slot_f1/dev,27,0.6430867910385132
2A,2A_20260522_174029_Baseline,slot_f1/dev,28,0.6582575440406799
2A,2A_20260522_174029_Baseline,slot_f1/dev,29,0.6620005965232849
2A,2A_20260522_174029_Baseline,slot_f1/dev,30,0.6707566380500793
2A,2A_20260522_174029_Baseline,slot_f1/dev,31,0.6791788935661316
2A,2A_20260522_174029_Baseline,slot_f1/dev,32,0.6794983744621277
2A,2A_20260522_174029_Baseline,slot_f1/dev,33,0.6880653500556946
2A,2A_20260522_174029_Baseline,slot_f1/dev,34,0.7004095911979675
2A,2A_20260522_174029_Baseline,slot_f1/dev,35,0.7016623020172119
2A,2A_20260522_174029_Baseline,slot_f1/dev,36,0.7109032273292542
2A,2A_20260522_174029_Baseline,slot_f1/dev,37,0.723603367805481
2A,2A_20260522_174029_Baseline,slot_f1/dev,38,0.7338804006576538
2A,2A_20260522_174029_Baseline,slot_f1/dev,39,0.7509511113166809
2A,2A_20260522_174029_Baseline,slot_f1/dev,40,0.7629956007003784
2A,2A_20260522_174029_Baseline,slot_f1/dev,41,0.7759530544281006
2A,2A_20260522_174029_Baseline,slot_f1/dev,42,0.7806735038757324
2A,2A_20260522_174029_Baseline,slot_f1/dev,43,0.7854417562484741
2A,2A_20260522_174029_Baseline,slot_f1/dev,44,0.7897977232933044
2A,2A_20260522_174029_Baseline,slot_f1/dev,45,0.7971863746643066
2A,2A_20260522_174029_Baseline,slot_f1/dev,46,0.8009395003318787
2A,2A_20260522_174029_Baseline,slot_f1/dev,47,0.805873692035675
2A,2A_20260522_174029_Baseline,slot_f1/dev,48,0.8062151670455933
2A,2A_20260522_174029_Baseline,slot_f1/dev,49,0.8067915439605713
2A,2A_20260522_174029_Baseline,slot_f1/dev,50,0.815943717956543
2A,2A_20260522_174029_Baseline,slot_f1/dev,51,0.8164222836494446
2A,2A_20260522_174029_Baseline,slot_f1/dev,52,0.8221830725669861
2A,2A_20260522_174029_Baseline,slot_f1/dev,53,0.8273634910583496
2A,2A_20260522_174029_Baseline,slot_f1/dev,54,0.8272220492362976
2A,2A_20260522_174029_Baseline,slot_f1/dev,55,0.829812228679657
2A,2A_20260522_174029_Baseline,slot_f1/dev,56,0.8320610523223877
2A,2A_20260522_174029_Baseline,slot_f1/dev,57,0.8320610523223877
2A,2A_20260522_174029_Baseline,slot_f1/dev,58,0.8378934860229492
2A,2A_20260522_174029_Baseline,slot_f1/dev,59,0.837250292301178
2A,2A_20260522_174029_Baseline,slot_f1/dev,60,0.8393539190292358
2A,2A_20260522_174029_Baseline,slot_f1/dev,61,0.839564323425293
2A,2A_20260522_174029_Baseline,slot_f1/dev,62,0.8423212170600891
2A,2A_20260522_174029_Baseline,slot_f1/dev,63,0.8436213731765747
2A,2A_20260522_174029_Baseline,slot_f1/dev,64,0.8438050746917725
2A,2A_20260522_174029_Baseline,slot_f1/dev,65,0.8463121056556702
2A,2A_20260522_174029_Baseline,slot_f1/dev,66,0.8474178314208984
2A,2A_20260522_174029_Baseline,slot_f1/dev,67,0.8459959030151367
2A,2A_20260522_174029_Baseline,slot_f1/dev,68,0.849017858505249
2A,2A_20260522_174029_Baseline,slot_f1/dev,69,0.8509389758110046
2A,2A_20260522_174029_Baseline,slot_f1/dev,70,0.8508384823799133
2A,2A_20260522_174029_Baseline,slot_f1/dev,71,0.8532083034515381
2A,2A_20260522_174029_Baseline,slot_f1/dev,72,0.8565561771392822
2A,2A_20260522_174029_Baseline,slot_f1/dev,73,0.8584850430488586
2A,2A_20260522_174029_Baseline,slot_f1/dev,74,0.8589029312133789
2A,2A_20260522_174029_Baseline,intent_acc/dev,0,0.736947774887085
2A,2A_20260522_174029_Baseline,intent_acc/dev,1,0.736947774887085
2A,2A_20260522_174029_Baseline,intent_acc/dev,2,0.736947774887085
2A,2A_20260522_174029_Baseline,intent_acc/dev,3,0.736947774887085
2A,2A_20260522_174029_Baseline,intent_acc/dev,4,0.736947774887085
2A,2A_20260522_174029_Baseline,intent_acc/dev,5,0.736947774887085
2A,2A_20260522_174029_Baseline,intent_acc/dev,6,0.736947774887085
2A,2A_20260522_174029_Baseline,intent_acc/dev,7,0.736947774887085
2A,2A_20260522_174029_Baseline,intent_acc/dev,8,0.7570281028747559
2A,2A_20260522_174029_Baseline,intent_acc/dev,9,0.7771084308624268
2A,2A_20260522_174029_Baseline,intent_acc/dev,10,0.7791164517402649
2A,2A_20260522_174029_Baseline,intent_acc/dev,11,0.7971887588500977
2A,2A_20260522_174029_Baseline,intent_acc/dev,12,0.7851405739784241
2A,2A_20260522_174029_Baseline,intent_acc/dev,13,0.8032128810882568
2A,2A_20260522_174029_Baseline,intent_acc/dev,14,0.7891566157341003
2A,2A_20260522_174029_Baseline,intent_acc/dev,15,0.805220901966095
2A,2A_20260522_174029_Baseline,intent_acc/dev,16,0.8172690868377686
2A,2A_20260522_174029_Baseline,intent_acc/dev,17,0.8152610659599304
2A,2A_20260522_174029_Baseline,intent_acc/dev,18,0.8192771077156067
2A,2A_20260522_174029_Baseline,intent_acc/dev,19,0.823293149471283
2A,2A_20260522_174029_Baseline,intent_acc/dev,20,0.8253012299537659
2A,2A_20260522_174029_Baseline,intent_acc/dev,21,0.8333333134651184
2A,2A_20260522_174029_Baseline,intent_acc/dev,22,0.8353413939476013
2A,2A_20260522_174029_Baseline,intent_acc/dev,23,0.8353413939476013
2A,2A_20260522_174029_Baseline,intent_acc/dev,24,0.8514056205749512
2A,2A_20260522_174029_Baseline,intent_acc/dev,25,0.8514056205749512
2A,2A_20260522_174029_Baseline,intent_acc/dev,26,0.8534136414527893
2A,2A_20260522_174029_Baseline,intent_acc/dev,27,0.8714859485626221
2A,2A_20260522_174029_Baseline,intent_acc/dev,28,0.8574297428131104
2A,2A_20260522_174029_Baseline,intent_acc/dev,29,0.8634538054466248
2A,2A_20260522_174029_Baseline,intent_acc/dev,30,0.8634538054466248
2A,2A_20260522_174029_Baseline,intent_acc/dev,31,0.8734939694404602
2A,2A_20260522_174029_Baseline,intent_acc/dev,32,0.8654618263244629
2A,2A_20260522_174029_Baseline,intent_acc/dev,33,0.8775100111961365
2A,2A_20260522_174029_Baseline,intent_acc/dev,34,0.8775100111961365
2A,2A_20260522_174029_Baseline,intent_acc/dev,35,0.8775100111961365
2A,2A_20260522_174029_Baseline,intent_acc/dev,36,0.8815261125564575
2A,2A_20260522_174029_Baseline,intent_acc/dev,37,0.8895582556724548
2A,2A_20260522_174029_Baseline,intent_acc/dev,38,0.8895582556724548
2A,2A_20260522_174029_Baseline,intent_acc/dev,39,0.8935742974281311
2A,2A_20260522_174029_Baseline,intent_acc/dev,40,0.8895582556724548
2A,2A_20260522_174029_Baseline,intent_acc/dev,41,0.8955823183059692
2A,2A_20260522_174029_Baseline,intent_acc/dev,42,0.8895582556724548
2A,2A_20260522_174029_Baseline,intent_acc/dev,43,0.8995984196662903
2A,2A_20260522_174029_Baseline,intent_acc/dev,44,0.9016064405441284
2A,2A_20260522_174029_Baseline,intent_acc/dev,45,0.9016064405441284
2A,2A_20260522_174029_Baseline,intent_acc/dev,46,0.9016064405441284
2A,2A_20260522_174029_Baseline,intent_acc/dev,47,0.9016064405441284
2A,2A_20260522_174029_Baseline,intent_acc/dev,48,0.8995984196662903
2A,2A_20260522_174029_Baseline,intent_acc/dev,49,0.9096385836601257
2A,2A_20260522_174029_Baseline,intent_acc/dev,50,0.9096385836601257
2A,2A_20260522_174029_Baseline,intent_acc/dev,51,0.9096385836601257
2A,2A_20260522_174029_Baseline,intent_acc/dev,52,0.9176706671714783
2A,2A_20260522_174029_Baseline,intent_acc/dev,53,0.9116466045379639
2A,2A_20260522_174029_Baseline,intent_acc/dev,54,0.9156626462936401
2A,2A_20260522_174029_Baseline,intent_acc/dev,55,0.913654625415802
2A,2A_20260522_174029_Baseline,intent_acc/dev,56,0.9196786880493164
2A,2A_20260522_174029_Baseline,intent_acc/dev,57,0.9176706671714783
2A,2A_20260522_174029_Baseline,intent_acc/dev,58,0.913654625415802
2A,2A_20260522_174029_Baseline,intent_acc/dev,59,0.9257028102874756
2A,2A_20260522_174029_Baseline,intent_acc/dev,60,0.9196786880493164
2A,2A_20260522_174029_Baseline,intent_acc/dev,61,0.9257028102874756
2A,2A_20260522_174029_Baseline,intent_acc/dev,62,0.9257028102874756
2A,2A_20260522_174029_Baseline,intent_acc/dev,63,0.9317269325256348
2A,2A_20260522_174029_Baseline,intent_acc/dev,64,0.9297188520431519
2A,2A_20260522_174029_Baseline,intent_acc/dev,65,0.9277108311653137
2A,2A_20260522_174029_Baseline,intent_acc/dev,66,0.9277108311653137
2A,2A_20260522_174029_Baseline,intent_acc/dev,67,0.935742974281311
2A,2A_20260522_174029_Baseline,intent_acc/dev,68,0.9337349534034729
2A,2A_20260522_174029_Baseline,intent_acc/dev,69,0.9277108311653137
2A,2A_20260522_174029_Baseline,intent_acc/dev,70,0.9337349534034729
2A,2A_20260522_174029_Baseline,intent_acc/dev,71,0.9337349534034729
2A,2A_20260522_174029_Baseline,intent_acc/dev,72,0.9397590160369873
2A,2A_20260522_174029_Baseline,intent_acc/dev,73,0.9377509951591492
2A,2A_20260522_174029_Baseline,intent_acc/dev,74,0.9417670965194702
2A,2A_20260530_184035_Bigger_d_model,slot_f1/test,0,0.0
2A,2A_20260530_184035_Bigger_d_model,slot_f1/test,5,0.49069681763648987
2A,2A_20260530_184035_Bigger_d_model,slot_f1/test,10,0.7029703259468079
2A,2A_20260530_184035_Bigger_d_model,slot_f1/test,15,0.776640772819519
2A,2A_20260530_184035_Bigger_d_model,slot_f1/test,20,0.8017497658729553
2A,2A_20260530_184035_Bigger_d_model,slot_f1/test,25,0.8312829732894897
2A,2A_20260530_184035_Bigger_d_model,slot_f1/test,30,0.856789231300354
2A,2A_20260530_184035_Bigger_d_model,slot_f1/test,35,0.8646945357322693
2A,2A_20260530_184035_Bigger_d_model,slot_f1/test,40,0.8684210777282715
2A,2A_20260530_184035_Bigger_d_model,slot_f1/test,45,0.8690807819366455
2A,2A_20260530_184035_Bigger_d_model,slot_f1/test,50,0.8742557168006897
2A,2A_20260530_184035_Bigger_d_model,slot_f1/test,55,0.8740171194076538
2A,2A_20260530_184035_Bigger_d_model,slot_f1/test,60,0.8777933120727539
2A,2A_20260530_184035_Bigger_d_model,slot_f1/test,65,0.8835088014602661
2A,2A_20260530_184035_Bigger_d_model,slot_f1/test,70,0.8767123222351074
2A,2A_20260530_184035_Bigger_d_model,slot_f1/test,75,0.8829302191734314
2A,2A_20260530_184035_Bigger_d_model,slot_f1/test,100,0.883394718170166
2A,2A_20260530_184035_Bigger_d_model,intent_acc/test,0,0.707726776599884
2A,2A_20260530_184035_Bigger_d_model,intent_acc/test,5,0.7513997554779053
2A,2A_20260530_184035_Bigger_d_model,intent_acc/test,10,0.8185890316963196
2A,2A_20260530_184035_Bigger_d_model,intent_acc/test,15,0.8488242030143738
2A,2A_20260530_184035_Bigger_d_model,intent_acc/test,20,0.8600224256515503
2A,2A_20260530_184035_Bigger_d_model,intent_acc/test,25,0.8734602332115173
2A,2A_20260530_184035_Bigger_d_model,intent_acc/test,30,0.8857782483100891
2A,2A_20260530_184035_Bigger_d_model,intent_acc/test,35,0.8992161154747009
2A,2A_20260530_184035_Bigger_d_model,intent_acc/test,40,0.9025756120681763
2A,2A_20260530_184035_Bigger_d_model,intent_acc/test,45,0.9059350490570068
2A,2A_20260530_184035_Bigger_d_model,intent_acc/test,50,0.9160134196281433
2A,2A_20260530_184035_Bigger_d_model,intent_acc/test,55,0.9126539826393127
2A,2A_20260530_184035_Bigger_d_model,intent_acc/test,60,0.9182530641555786
2A,2A_20260530_184035_Bigger_d_model,intent_acc/test,65,0.9182530641555786
2A,2A_20260530_184035_Bigger_d_model,intent_acc/test,70,0.9260918498039246
2A,2A_20260530_184035_Bigger_d_model,intent_acc/test,75,0.9249719977378845
2A,2A_20260530_184035_Bigger_d_model,intent_acc/test,100,0.9249719977378845
2A,2A_20260530_184035_Bigger_d_model,loss/train,0,5.99472188949585
2A,2A_20260530_184035_Bigger_d_model,loss/train,1,2.976066827774048
2A,2A_20260530_184035_Bigger_d_model,loss/train,2,2.611715793609619
2A,2A_20260530_184035_Bigger_d_model,loss/train,3,2.2025880813598633
2A,2A_20260530_184035_Bigger_d_model,loss/train,4,1.8794615268707275
2A,2A_20260530_184035_Bigger_d_model,loss/train,5,1.6815531253814697
2A,2A_20260530_184035_Bigger_d_model,loss/train,6,1.5360060930252075
2A,2A_20260530_184035_Bigger_d_model,loss/train,7,1.3961037397384644
2A,2A_20260530_184035_Bigger_d_model,loss/train,8,1.2285186052322388
2A,2A_20260530_184035_Bigger_d_model,loss/train,9,1.0994815826416016
2A,2A_20260530_184035_Bigger_d_model,loss/train,10,0.9762908816337585
2A,2A_20260530_184035_Bigger_d_model,loss/train,11,0.861747682094574
2A,2A_20260530_184035_Bigger_d_model,loss/train,12,0.7719427347183228
2A,2A_20260530_184035_Bigger_d_model,loss/train,13,0.7027478814125061
2A,2A_20260530_184035_Bigger_d_model,loss/train,14,0.6380805373191833
2A,2A_20260530_184035_Bigger_d_model,loss/train,15,0.5881654024124146
2A,2A_20260530_184035_Bigger_d_model,loss/train,16,0.5631332397460938
2A,2A_20260530_184035_Bigger_d_model,loss/train,17,0.5134598016738892
2A,2A_20260530_184035_Bigger_d_model,loss/train,18,0.4631194472312927
2A,2A_20260530_184035_Bigger_d_model,loss/train,19,0.43288782238960266
2A,2A_20260530_184035_Bigger_d_model,loss/train,20,0.39628922939300537
2A,2A_20260530_184035_Bigger_d_model,loss/train,21,0.381003737449646
2A,2A_20260530_184035_Bigger_d_model,loss/train,22,0.353132426738739
2A,2A_20260530_184035_Bigger_d_model,loss/train,23,0.3354856073856354
2A,2A_20260530_184035_Bigger_d_model,loss/train,24,0.31132668256759644
2A,2A_20260530_184035_Bigger_d_model,loss/train,25,0.29085904359817505
2A,2A_20260530_184035_Bigger_d_model,loss/train,26,0.27695032954216003
2A,2A_20260530_184035_Bigger_d_model,loss/train,27,0.2570135295391083
2A,2A_20260530_184035_Bigger_d_model,loss/train,28,0.2502429187297821
2A,2A_20260530_184035_Bigger_d_model,loss/train,29,0.2367175668478012
2A,2A_20260530_184035_Bigger_d_model,loss/train,30,0.2296442687511444
2A,2A_20260530_184035_Bigger_d_model,loss/train,31,0.2127368152141571
2A,2A_20260530_184035_Bigger_d_model,loss/train,32,0.19768312573432922
2A,2A_20260530_184035_Bigger_d_model,loss/train,33,0.18743883073329926
2A,2A_20260530_184035_Bigger_d_model,loss/train,34,0.17976899445056915
2A,2A_20260530_184035_Bigger_d_model,loss/train,35,0.168258398771286
2A,2A_20260530_184035_Bigger_d_model,loss/train,36,0.15801294147968292
2A,2A_20260530_184035_Bigger_d_model,loss/train,37,0.15209828317165375
2A,2A_20260530_184035_Bigger_d_model,loss/train,38,0.14785708487033844
2A,2A_20260530_184035_Bigger_d_model,loss/train,39,0.14176496863365173
2A,2A_20260530_184035_Bigger_d_model,loss/train,40,0.14064884185791016
2A,2A_20260530_184035_Bigger_d_model,loss/train,41,0.12778550386428833
2A,2A_20260530_184035_Bigger_d_model,loss/train,42,0.1182943731546402
2A,2A_20260530_184035_Bigger_d_model,loss/train,43,0.11413120478391647
2A,2A_20260530_184035_Bigger_d_model,loss/train,44,0.10859129577875137
2A,2A_20260530_184035_Bigger_d_model,loss/train,45,0.1054823100566864
2A,2A_20260530_184035_Bigger_d_model,loss/train,46,0.10024318099021912
2A,2A_20260530_184035_Bigger_d_model,loss/train,47,0.09481652081012726
2A,2A_20260530_184035_Bigger_d_model,loss/train,48,0.09250988811254501
2A,2A_20260530_184035_Bigger_d_model,loss/train,49,0.08645598590373993
2A,2A_20260530_184035_Bigger_d_model,loss/train,50,0.08141643553972244
2A,2A_20260530_184035_Bigger_d_model,loss/train,51,0.07886654883623123
2A,2A_20260530_184035_Bigger_d_model,loss/train,52,0.07754483073949814
2A,2A_20260530_184035_Bigger_d_model,loss/train,53,0.07409844547510147
2A,2A_20260530_184035_Bigger_d_model,loss/train,54,0.08224059641361237
2A,2A_20260530_184035_Bigger_d_model,loss/train,55,0.08314400911331177
2A,2A_20260530_184035_Bigger_d_model,loss/train,56,0.08297408372163773
2A,2A_20260530_184035_Bigger_d_model,loss/train,57,0.07742051780223846
2A,2A_20260530_184035_Bigger_d_model,loss/train,58,0.06967112421989441
2A,2A_20260530_184035_Bigger_d_model,loss/train,59,0.06064058840274811
2A,2A_20260530_184035_Bigger_d_model,loss/train,60,0.057474493980407715
2A,2A_20260530_184035_Bigger_d_model,loss/train,61,0.055445726960897446
2A,2A_20260530_184035_Bigger_d_model,loss/train,62,0.05545951798558235
2A,2A_20260530_184035_Bigger_d_model,loss/train,63,0.051929473876953125
2A,2A_20260530_184035_Bigger_d_model,loss/train,64,0.04986734315752983
2A,2A_20260530_184035_Bigger_d_model,loss/train,65,0.048495855182409286
2A,2A_20260530_184035_Bigger_d_model,loss/train,66,0.04732494056224823
2A,2A_20260530_184035_Bigger_d_model,loss/train,67,0.048193465918302536
2A,2A_20260530_184035_Bigger_d_model,loss/train,68,0.058509711176157
2A,2A_20260530_184035_Bigger_d_model,loss/train,69,0.060392796993255615
2A,2A_20260530_184035_Bigger_d_model,loss/train,70,0.06559247523546219
2A,2A_20260530_184035_Bigger_d_model,loss/train,71,0.05183013156056404
2A,2A_20260530_184035_Bigger_d_model,loss/train,72,0.044371720403432846
2A,2A_20260530_184035_Bigger_d_model,loss/train,73,0.042275991290807724
2A,2A_20260530_184035_Bigger_d_model,loss/train,74,0.039640188217163086
2A,2A_20260530_184035_Bigger_d_model,loss/train,75,0.037673283368349075
2A,2A_20260530_184035_Bigger_d_model,loss/train,76,0.036852337419986725
2A,2A_20260530_184035_Bigger_d_model,loss/train,77,0.03526056185364723
2A,2A_20260530_184035_Bigger_d_model,slot_f1/dev,0,0.0
2A,2A_20260530_184035_Bigger_d_model,slot_f1/dev,1,0.0023515578359365463
2A,2A_20260530_184035_Bigger_d_model,slot_f1/dev,2,0.23030860722064972
2A,2A_20260530_184035_Bigger_d_model,slot_f1/dev,3,0.3919597864151001
2A,2A_20260530_184035_Bigger_d_model,slot_f1/dev,4,0.46292275190353394
2A,2A_20260530_184035_Bigger_d_model,slot_f1/dev,5,0.5463855266571045
2A,2A_20260530_184035_Bigger_d_model,slot_f1/dev,6,0.5728732943534851
2A,2A_20260530_184035_Bigger_d_model,slot_f1/dev,7,0.5956699848175049
2A,2A_20260530_184035_Bigger_d_model,slot_f1/dev,8,0.6280023455619812
2A,2A_20260530_184035_Bigger_d_model,slot_f1/dev,9,0.6754462718963623
2A,2A_20260530_184035_Bigger_d_model,slot_f1/dev,10,0.7318354249000549
2A,2A_20260530_184035_Bigger_d_model,slot_f1/dev,11,0.7677891850471497
2A,2A_20260530_184035_Bigger_d_model,slot_f1/dev,12,0.7882179617881775
2A,2A_20260530_184035_Bigger_d_model,slot_f1/dev,13,0.8007034063339233
2A,2A_20260530_184035_Bigger_d_model,slot_f1/dev,14,0.812078595161438
2A,2A_20260530_184035_Bigger_d_model,slot_f1/dev,15,0.8202115297317505
2A,2A_20260530_184035_Bigger_d_model,slot_f1/dev,16,0.8261507153511047
2A,2A_20260530_184035_Bigger_d_model,slot_f1/dev,17,0.8309859037399292
2A,2A_20260530_184035_Bigger_d_model,slot_f1/dev,18,0.832645833492279
2A,2A_20260530_184035_Bigger_d_model,slot_f1/dev,19,0.8414525985717773
2A,2A_20260530_184035_Bigger_d_model,slot_f1/dev,20,0.8443922400474548
2A,2A_20260530_184035_Bigger_d_model,slot_f1/dev,21,0.8465143442153931
2A,2A_20260530_184035_Bigger_d_model,slot_f1/dev,22,0.8526037335395813
2A,2A_20260530_184035_Bigger_d_model,slot_f1/dev,23,0.8552979230880737
2A,2A_20260530_184035_Bigger_d_model,slot_f1/dev,24,0.8587371706962585
2A,2A_20260530_184035_Bigger_d_model,slot_f1/dev,25,0.8700000047683716
2A,2A_20260530_184035_Bigger_d_model,slot_f1/dev,26,0.8738606572151184
2A,2A_20260530_184035_Bigger_d_model,slot_f1/dev,27,0.8771311044692993
2A,2A_20260530_184035_Bigger_d_model,slot_f1/dev,28,0.8827505111694336
2A,2A_20260530_184035_Bigger_d_model,slot_f1/dev,29,0.8820422291755676
2A,2A_20260530_184035_Bigger_d_model,slot_f1/dev,30,0.8899380564689636
2A,2A_20260530_184035_Bigger_d_model,slot_f1/dev,31,0.8877820372581482
2A,2A_20260530_184035_Bigger_d_model,slot_f1/dev,32,0.8906478881835938
2A,2A_20260530_184035_Bigger_d_model,slot_f1/dev,33,0.8938547372817993
2A,2A_20260530_184035_Bigger_d_model,slot_f1/dev,34,0.8916299343109131
2A,2A_20260530_184035_Bigger_d_model,slot_f1/dev,35,0.8923438191413879
2A,2A_20260530_184035_Bigger_d_model,slot_f1/dev,36,0.8957415819168091
2A,2A_20260530_184035_Bigger_d_model,slot_f1/dev,37,0.8963289260864258
2A,2A_20260530_184035_Bigger_d_model,slot_f1/dev,38,0.8948755264282227
2A,2A_20260530_184035_Bigger_d_model,slot_f1/dev,39,0.8958455324172974
2A,2A_20260530_184035_Bigger_d_model,slot_f1/dev,40,0.899324893951416
2A,2A_20260530_184035_Bigger_d_model,slot_f1/dev,41,0.9031498432159424
2A,2A_20260530_184035_Bigger_d_model,slot_f1/dev,42,0.9007633328437805
2A,2A_20260530_184035_Bigger_d_model,slot_f1/dev,43,0.9054054021835327
2A,2A_20260530_184035_Bigger_d_model,slot_f1/dev,44,0.9095182418823242
2A,2A_20260530_184035_Bigger_d_model,slot_f1/dev,45,0.9073857069015503
2A,2A_20260530_184035_Bigger_d_model,slot_f1/dev,46,0.9081333875656128
2A,2A_20260530_184035_Bigger_d_model,slot_f1/dev,47,0.9097832441329956
2A,2A_20260530_184035_Bigger_d_model,slot_f1/dev,48,0.9177718758583069
2A,2A_20260530_184035_Bigger_d_model,slot_f1/dev,49,0.9127240777015686
2A,2A_20260530_184035_Bigger_d_model,slot_f1/dev,50,0.9204111695289612
2A,2A_20260530_184035_Bigger_d_model,slot_f1/dev,51,0.917965292930603
2A,2A_20260530_184035_Bigger_d_model,slot_f1/dev,52,0.9237562417984009
2A,2A_20260530_184035_Bigger_d_model,slot_f1/dev,53,0.9214474558830261
2A,2A_20260530_184035_Bigger_d_model,slot_f1/dev,54,0.9232127070426941
2A,2A_20260530_184035_Bigger_d_model,slot_f1/dev,55,0.920187771320343
2A,2A_20260530_184035_Bigger_d_model,slot_f1/dev,56,0.9240246415138245
2A,2A_20260530_184035_Bigger_d_model,slot_f1/dev,57,0.9231671690940857
2A,2A_20260530_184035_Bigger_d_model,slot_f1/dev,58,0.9256975054740906
2A,2A_20260530_184035_Bigger_d_model,slot_f1/dev,59,0.9281314015388489
2A,2A_20260530_184035_Bigger_d_model,slot_f1/dev,60,0.930232584476471
2A,2A_20260530_184035_Bigger_d_model,slot_f1/dev,61,0.9297265410423279
2A,2A_20260530_184035_Bigger_d_model,slot_f1/dev,62,0.9308212995529175
2A,2A_20260530_184035_Bigger_d_model,slot_f1/dev,63,0.9303146004676819
2A,2A_20260530_184035_Bigger_d_model,slot_f1/dev,64,0.9301914572715759
2A,2A_20260530_184035_Bigger_d_model,slot_f1/dev,65,0.931644082069397
2A,2A_20260530_184035_Bigger_d_model,slot_f1/dev,66,0.9292217493057251
2A,2A_20260530_184035_Bigger_d_model,slot_f1/dev,67,0.932627260684967
2A,2A_20260530_184035_Bigger_d_model,slot_f1/dev,68,0.9285504221916199
2A,2A_20260530_184035_Bigger_d_model,slot_f1/dev,69,0.930973470211029
2A,2A_20260530_184035_Bigger_d_model,slot_f1/dev,70,0.9275618195533752
2A,2A_20260530_184035_Bigger_d_model,slot_f1/dev,71,0.9297678470611572
2A,2A_20260530_184035_Bigger_d_model,slot_f1/dev,72,0.9336870312690735
2A,2A_20260530_184035_Bigger_d_model,slot_f1/dev,73,0.9323131442070007
2A,2A_20260530_184035_Bigger_d_model,slot_f1/dev,74,0.9309433102607727
2A,2A_20260530_184035_Bigger_d_model,slot_f1/dev,75,0.9325875639915466
2A,2A_20260530_184035_Bigger_d_model,slot_f1/dev,76,0.9309433102607727
2A,2A_20260530_184035_Bigger_d_model,slot_f1/dev,77,0.9335294365882874
2A,2A_20260530_184035_Bigger_d_model,intent_acc/dev,0,0.736947774887085
2A,2A_20260530_184035_Bigger_d_model,intent_acc/dev,1,0.736947774887085
2A,2A_20260530_184035_Bigger_d_model,intent_acc/dev,2,0.736947774887085
2A,2A_20260530_184035_Bigger_d_model,intent_acc/dev,3,0.7510040402412415
2A,2A_20260530_184035_Bigger_d_model,intent_acc/dev,4,0.763052225112915
2A,2A_20260530_184035_Bigger_d_model,intent_acc/dev,5,0.7690762877464294
2A,2A_20260530_184035_Bigger_d_model,intent_acc/dev,6,0.7771084308624268
2A,2A_20260530_184035_Bigger_d_model,intent_acc/dev,7,0.7791164517402649
2A,2A_20260530_184035_Bigger_d_model,intent_acc/dev,8,0.8192771077156067
2A,2A_20260530_184035_Bigger_d_model,intent_acc/dev,9,0.8333333134651184
2A,2A_20260530_184035_Bigger_d_model,intent_acc/dev,10,0.8574297428131104
2A,2A_20260530_184035_Bigger_d_model,intent_acc/dev,11,0.8795180916786194
2A,2A_20260530_184035_Bigger_d_model,intent_acc/dev,12,0.8795180916786194
2A,2A_20260530_184035_Bigger_d_model,intent_acc/dev,13,0.9016064405441284
2A,2A_20260530_184035_Bigger_d_model,intent_acc/dev,14,0.9056224822998047
2A,2A_20260530_184035_Bigger_d_model,intent_acc/dev,15,0.9156626462936401
2A,2A_20260530_184035_Bigger_d_model,intent_acc/dev,16,0.9176706671714783
2A,2A_20260530_184035_Bigger_d_model,intent_acc/dev,17,0.9156626462936401
2A,2A_20260530_184035_Bigger_d_model,intent_acc/dev,18,0.9317269325256348
2A,2A_20260530_184035_Bigger_d_model,intent_acc/dev,19,0.9196786880493164
2A,2A_20260530_184035_Bigger_d_model,intent_acc/dev,20,0.9216867685317993
2A,2A_20260530_184035_Bigger_d_model,intent_acc/dev,21,0.9297188520431519
2A,2A_20260530_184035_Bigger_d_model,intent_acc/dev,22,0.9257028102874756
2A,2A_20260530_184035_Bigger_d_model,intent_acc/dev,23,0.9236947894096375
2A,2A_20260530_184035_Bigger_d_model,intent_acc/dev,24,0.9377509951591492
2A,2A_20260530_184035_Bigger_d_model,intent_acc/dev,25,0.9277108311653137
2A,2A_20260530_184035_Bigger_d_model,intent_acc/dev,26,0.9377509951591492
2A,2A_20260530_184035_Bigger_d_model,intent_acc/dev,27,0.9397590160369873
2A,2A_20260530_184035_Bigger_d_model,intent_acc/dev,28,0.9477911591529846
2A,2A_20260530_184035_Bigger_d_model,intent_acc/dev,29,0.9397590160369873
2A,2A_20260530_184035_Bigger_d_model,intent_acc/dev,30,0.9457831382751465
2A,2A_20260530_184035_Bigger_d_model,intent_acc/dev,31,0.9497991800308228
2A,2A_20260530_184035_Bigger_d_model,intent_acc/dev,32,0.9497991800308228
2A,2A_20260530_184035_Bigger_d_model,intent_acc/dev,33,0.9437751173973083
2A,2A_20260530_184035_Bigger_d_model,intent_acc/dev,34,0.9497991800308228
2A,2A_20260530_184035_Bigger_d_model,intent_acc/dev,35,0.9518072009086609
2A,2A_20260530_184035_Bigger_d_model,intent_acc/dev,36,0.9497991800308228
2A,2A_20260530_184035_Bigger_d_model,intent_acc/dev,37,0.9397590160369873
2A,2A_20260530_184035_Bigger_d_model,intent_acc/dev,38,0.9518072009086609
2A,2A_20260530_184035_Bigger_d_model,intent_acc/dev,39,0.9538152813911438
2A,2A_20260530_184035_Bigger_d_model,intent_acc/dev,40,0.9578313231468201
2A,2A_20260530_184035_Bigger_d_model,intent_acc/dev,41,0.9538152813911438
2A,2A_20260530_184035_Bigger_d_model,intent_acc/dev,42,0.9457831382751465
2A,2A_20260530_184035_Bigger_d_model,intent_acc/dev,43,0.9538152813911438
2A,2A_20260530_184035_Bigger_d_model,intent_acc/dev,44,0.9578313231468201
2A,2A_20260530_184035_Bigger_d_model,intent_acc/dev,45,0.9497991800308228
2A,2A_20260530_184035_Bigger_d_model,intent_acc/dev,46,0.9578313231468201
2A,2A_20260530_184035_Bigger_d_model,intent_acc/dev,47,0.9437751173973083
2A,2A_20260530_184035_Bigger_d_model,intent_acc/dev,48,0.9518072009086609
2A,2A_20260530_184035_Bigger_d_model,intent_acc/dev,49,0.9497991800308228
2A,2A_20260530_184035_Bigger_d_model,intent_acc/dev,50,0.9578313231468201
2A,2A_20260530_184035_Bigger_d_model,intent_acc/dev,51,0.9558233022689819
2A,2A_20260530_184035_Bigger_d_model,intent_acc/dev,52,0.9518072009086609
2A,2A_20260530_184035_Bigger_d_model,intent_acc/dev,53,0.9457831382751465
2A,2A_20260530_184035_Bigger_d_model,intent_acc/dev,54,0.9497991800308228
2A,2A_20260530_184035_Bigger_d_model,intent_acc/dev,55,0.9558233022689819
2A,2A_20260530_184035_Bigger_d_model,intent_acc/dev,56,0.9497991800308228
2A,2A_20260530_184035_Bigger_d_model,intent_acc/dev,57,0.9578313231468201
2A,2A_20260530_184035_Bigger_d_model,intent_acc/dev,58,0.9578313231468201
2A,2A_20260530_184035_Bigger_d_model,intent_acc/dev,59,0.9598393440246582
2A,2A_20260530_184035_Bigger_d_model,intent_acc/dev,60,0.9558233022689819
2A,2A_20260530_184035_Bigger_d_model,intent_acc/dev,61,0.9497991800308228
2A,2A_20260530_184035_Bigger_d_model,intent_acc/dev,62,0.9518072009086609
2A,2A_20260530_184035_Bigger_d_model,intent_acc/dev,63,0.9518072009086609
2A,2A_20260530_184035_Bigger_d_model,intent_acc/dev,64,0.9518072009086609
2A,2A_20260530_184035_Bigger_d_model,intent_acc/dev,65,0.9518072009086609
2A,2A_20260530_184035_Bigger_d_model,intent_acc/dev,66,0.9538152813911438
2A,2A_20260530_184035_Bigger_d_model,intent_acc/dev,67,0.9558233022689819
2A,2A_20260530_184035_Bigger_d_model,intent_acc/dev,68,0.9538152813911438
2A,2A_20260530_184035_Bigger_d_model,intent_acc/dev,69,0.9477911591529846
2A,2A_20260530_184035_Bigger_d_model,intent_acc/dev,70,0.9518072009086609
2A,2A_20260530_184035_Bigger_d_model,intent_acc/dev,71,0.9558233022689819
2A,2A_20260530_184035_Bigger_d_model,intent_acc/dev,72,0.9578313231468201
2A,2A_20260530_184035_Bigger_d_model,intent_acc/dev,73,0.9618473649024963
2A,2A_20260530_184035_Bigger_d_model,intent_acc/dev,74,0.9618473649024963
2A,2A_20260530_184035_Bigger_d_model,intent_acc/dev,75,0.9618473649024963
2A,2A_20260530_184035_Bigger_d_model,intent_acc/dev,76,0.9578313231468201
2A,2A_20260530_184035_Bigger_d_model,intent_acc/dev,77,0.9578313231468201
2A,2A_20260530_184714_More_layers_2+Bigger_d_2,slot_f1/test,0,0.0
2A,2A_20260530_184714_More_layers_2+Bigger_d_2,slot_f1/test,5,0.658402681350708
2A,2A_20260530_184714_More_layers_2+Bigger_d_2,slot_f1/test,10,0.7872714400291443
2A,2A_20260530_184714_More_layers_2+Bigger_d_2,slot_f1/test,15,0.8388007283210754
2A,2A_20260530_184714_More_layers_2+Bigger_d_2,slot_f1/test,20,0.8668785095214844
2A,2A_20260530_184714_More_layers_2+Bigger_d_2,slot_f1/test,25,0.8800562620162964
2A,2A_20260530_184714_More_layers_2+Bigger_d_2,slot_f1/test,30,0.8796913623809814
2A,2A_20260530_184714_More_layers_2+Bigger_d_2,slot_f1/test,35,0.8884210586547852
2A,2A_20260530_184714_More_layers_2+Bigger_d_2,slot_f1/test,40,0.889866292476654
2A,2A_20260530_184714_More_layers_2+Bigger_d_2,slot_f1/test,100,0.8884210586547852
2A,2A_20260530_184714_More_layers_2+Bigger_d_2,intent_acc/test,0,0.707726776599884
2A,2A_20260530_184714_More_layers_2+Bigger_d_2,intent_acc/test,5,0.8656215071678162
2A,2A_20260530_184714_More_layers_2+Bigger_d_2,intent_acc/test,10,0.8891377449035645
2A,2A_20260530_184714_More_layers_2+Bigger_d_2,intent_acc/test,15,0.8947368264198303
2A,2A_20260530_184714_More_layers_2+Bigger_d_2,intent_acc/test,20,0.9249719977378845
2A,2A_20260530_184714_More_layers_2+Bigger_d_2,intent_acc/test,25,0.9294512867927551
2A,2A_20260530_184714_More_layers_2+Bigger_d_2,intent_acc/test,30,0.9081746935844421
2A,2A_20260530_184714_More_layers_2+Bigger_d_2,intent_acc/test,35,0.9305710792541504
2A,2A_20260530_184714_More_layers_2+Bigger_d_2,intent_acc/test,40,0.9305710792541504
2A,2A_20260530_184714_More_layers_2+Bigger_d_2,intent_acc/test,100,0.9305710792541504
2A,2A_20260530_184714_More_layers_2+Bigger_d_2,loss/train,0,4.517942428588867
2A,2A_20260530_184714_More_layers_2+Bigger_d_2,loss/train,1,2.5653862953186035
2A,2A_20260530_184714_More_layers_2+Bigger_d_2,loss/train,2,2.2158994674682617
2A,2A_20260530_184714_More_layers_2+Bigger_d_2,loss/train,3,1.6284809112548828
2A,2A_20260530_184714_More_layers_2+Bigger_d_2,loss/train,4,1.1944905519485474
2A,2A_20260530_184714_More_layers_2+Bigger_d_2,loss/train,5,0.9388720393180847
2A,2A_20260530_184714_More_layers_2+Bigger_d_2,loss/train,6,0.7713932991027832
2A,2A_20260530_184714_More_layers_2+Bigger_d_2,loss/train,7,0.6162397861480713
2A,2A_20260530_184714_More_layers_2+Bigger_d_2,loss/train,8,0.5108587145805359
2A,2A_20260530_184714_More_layers_2+Bigger_d_2,loss/train,9,0.42323994636535645
2A,2A_20260530_184714_More_layers_2+Bigger_d_2,loss/train,10,0.35946959257125854
2A,2A_20260530_184714_More_layers_2+Bigger_d_2,loss/train,11,0.3115352392196655
2A,2A_20260530_184714_More_layers_2+Bigger_d_2,loss/train,12,0.25804442167282104
2A,2A_20260530_184714_More_layers_2+Bigger_d_2,loss/train,13,0.2376084178686142
2A,2A_20260530_184714_More_layers_2+Bigger_d_2,loss/train,14,0.21331359446048737
2A,2A_20260530_184714_More_layers_2+Bigger_d_2,loss/train,15,0.18725714087486267
2A,2A_20260530_184714_More_layers_2+Bigger_d_2,loss/train,16,0.1766466200351715
2A,2A_20260530_184714_More_layers_2+Bigger_d_2,loss/train,17,0.14566181600093842
2A,2A_20260530_184714_More_layers_2+Bigger_d_2,loss/train,18,0.1228574812412262
2A,2A_20260530_184714_More_layers_2+Bigger_d_2,loss/train,19,0.1022120863199234
2A,2A_20260530_184714_More_layers_2+Bigger_d_2,loss/train,20,0.08793074637651443
2A,2A_20260530_184714_More_layers_2+Bigger_d_2,loss/train,21,0.07588942348957062
2A,2A_20260530_184714_More_layers_2+Bigger_d_2,loss/train,22,0.06253545731306076
2A,2A_20260530_184714_More_layers_2+Bigger_d_2,loss/train,23,0.052721209824085236
2A,2A_20260530_184714_More_layers_2+Bigger_d_2,loss/train,24,0.04614969342947006
2A,2A_20260530_184714_More_layers_2+Bigger_d_2,loss/train,25,0.041525259613990784
2A,2A_20260530_184714_More_layers_2+Bigger_d_2,loss/train,26,0.03924599662423134
2A,2A_20260530_184714_More_layers_2+Bigger_d_2,loss/train,27,0.07104825228452682
2A,2A_20260530_184714_More_layers_2+Bigger_d_2,loss/train,28,0.1491653025150299
2A,2A_20260530_184714_More_layers_2+Bigger_d_2,loss/train,29,0.09328465163707733
2A,2A_20260530_184714_More_layers_2+Bigger_d_2,loss/train,30,0.05370784178376198
2A,2A_20260530_184714_More_layers_2+Bigger_d_2,loss/train,31,0.06212744861841202
2A,2A_20260530_184714_More_layers_2+Bigger_d_2,loss/train,32,0.049781717360019684
2A,2A_20260530_184714_More_layers_2+Bigger_d_2,loss/train,33,0.03635295853018761
2A,2A_20260530_184714_More_layers_2+Bigger_d_2,loss/train,34,0.025213541463017464
2A,2A_20260530_184714_More_layers_2+Bigger_d_2,loss/train,35,0.01831864006817341
2A,2A_20260530_184714_More_layers_2+Bigger_d_2,loss/train,36,0.015390544198453426
2A,2A_20260530_184714_More_layers_2+Bigger_d_2,loss/train,37,0.01396829541772604
2A,2A_20260530_184714_More_layers_2+Bigger_d_2,loss/train,38,0.011965434066951275
2A,2A_20260530_184714_More_layers_2+Bigger_d_2,loss/train,39,0.010880159214138985
2A,2A_20260530_184714_More_layers_2+Bigger_d_2,loss/train,40,0.009804075583815575
2A,2A_20260530_184714_More_layers_2+Bigger_d_2,slot_f1/dev,0,0.0
2A,2A_20260530_184714_More_layers_2+Bigger_d_2,slot_f1/dev,1,0.24703222513198853
2A,2A_20260530_184714_More_layers_2+Bigger_d_2,slot_f1/dev,2,0.4147355854511261
2A,2A_20260530_184714_More_layers_2+Bigger_d_2,slot_f1/dev,3,0.5391923785209656
2A,2A_20260530_184714_More_layers_2+Bigger_d_2,slot_f1/dev,4,0.6263929605484009
2A,2A_20260530_184714_More_layers_2+Bigger_d_2,slot_f1/dev,5,0.7100415825843811
2A,2A_20260530_184714_More_layers_2+Bigger_d_2,slot_f1/dev,6,0.7675036787986755
2A,2A_20260530_184714_More_layers_2+Bigger_d_2,slot_f1/dev,7,0.8074424266815186
2A,2A_20260530_184714_More_layers_2+Bigger_d_2,slot_f1/dev,8,0.8209529519081116
2A,2A_20260530_184714_More_layers_2+Bigger_d_2,slot_f1/dev,9,0.8344136476516724
2A,2A_20260530_184714_More_layers_2+Bigger_d_2,slot_f1/dev,10,0.8392961621284485
2A,2A_20260530_184714_More_layers_2+Bigger_d_2,slot_f1/dev,11,0.8590801954269409
2A,2A_20260530_184714_More_layers_2+Bigger_d_2,slot_f1/dev,12,0.869693398475647
2A,2A_20260530_184714_More_layers_2+Bigger_d_2,slot_f1/dev,13,0.877833366394043
2A,2A_20260530_184714_More_layers_2+Bigger_d_2,slot_f1/dev,14,0.8831321597099304
2A,2A_20260530_184714_More_layers_2+Bigger_d_2,slot_f1/dev,15,0.8771311044692993
2A,2A_20260530_184714_More_layers_2+Bigger_d_2,slot_f1/dev,16,0.8899970650672913
2A,2A_20260530_184714_More_layers_2+Bigger_d_2,slot_f1/dev,17,0.9001175165176392
2A,2A_20260530_184714_More_layers_2+Bigger_d_2,slot_f1/dev,18,0.9055718183517456
2A,2A_20260530_184714_More_layers_2+Bigger_d_2,slot_f1/dev,19,0.9085580110549927
2A,2A_20260530_184714_More_layers_2+Bigger_d_2,slot_f1/dev,20,0.9123529195785522
2A,2A_20260530_184714_More_layers_2+Bigger_d_2,slot_f1/dev,21,0.9162503480911255
2A,2A_20260530_184714_More_layers_2+Bigger_d_2,slot_f1/dev,22,0.9211764931678772
2A,2A_20260530_184714_More_layers_2+Bigger_d_2,slot_f1/dev,23,0.9198708534240723
2A,2A_20260530_184714_More_layers_2+Bigger_d_2,slot_f1/dev,24,0.920129656791687
2A,2A_20260530_184714_More_layers_2+Bigger_d_2,slot_f1/dev,25,0.9226242899894714
2A,2A_20260530_184714_More_layers_2+Bigger_d_2,slot_f1/dev,26,0.919269323348999
2A,2A_20260530_184714_More_layers_2+Bigger_d_2,slot_f1/dev,27,0.9127358198165894
2A,2A_20260530_184714_More_layers_2+Bigger_d_2,slot_f1/dev,28,0.9068945050239563
2A,2A_20260530_184714_More_layers_2+Bigger_d_2,slot_f1/dev,29,0.9233480095863342
2A,2A_20260530_184714_More_layers_2+Bigger_d_2,slot_f1/dev,30,0.9305473566055298
2A,2A_20260530_184714_More_layers_2+Bigger_d_2,slot_f1/dev,31,0.9251620769500732
2A,2A_20260530_184714_More_layers_2+Bigger_d_2,slot_f1/dev,32,0.9214537143707275
2A,2A_20260530_184714_More_layers_2+Bigger_d_2,slot_f1/dev,33,0.9263713955879211
2A,2A_20260530_184714_More_layers_2+Bigger_d_2,slot_f1/dev,34,0.9332156777381897
2A,2A_20260530_184714_More_layers_2+Bigger_d_2,slot_f1/dev,35,0.9378863573074341
2A,2A_20260530_184714_More_layers_2+Bigger_d_2,slot_f1/dev,36,0.936984658241272
2A,2A_20260530_184714_More_layers_2+Bigger_d_2,slot_f1/dev,37,0.9362327456474304
2A,2A_20260530_184714_More_layers_2+Bigger_d_2,slot_f1/dev,38,0.9359200596809387
2A,2A_20260530_184714_More_layers_2+Bigger_d_2,slot_f1/dev,39,0.9352940917015076
2A,2A_20260530_184714_More_layers_2+Bigger_d_2,slot_f1/dev,40,0.936984658241272
2A,2A_20260530_184714_More_layers_2+Bigger_d_2,intent_acc/dev,0,0.736947774887085
2A,2A_20260530_184714_More_layers_2+Bigger_d_2,intent_acc/dev,1,0.736947774887085
2A,2A_20260530_184714_More_layers_2+Bigger_d_2,intent_acc/dev,2,0.7510040402412415
2A,2A_20260530_184714_More_layers_2+Bigger_d_2,intent_acc/dev,3,0.8514056205749512
2A,2A_20260530_184714_More_layers_2+Bigger_d_2,intent_acc/dev,4,0.891566276550293
2A,2A_20260530_184714_More_layers_2+Bigger_d_2,intent_acc/dev,5,0.9076305031776428
2A,2A_20260530_184714_More_layers_2+Bigger_d_2,intent_acc/dev,6,0.9236947894096375
2A,2A_20260530_184714_More_layers_2+Bigger_d_2,intent_acc/dev,7,0.9277108311653137
2A,2A_20260530_184714_More_layers_2+Bigger_d_2,intent_acc/dev,8,0.935742974281311
2A,2A_20260530_184714_More_layers_2+Bigger_d_2,intent_acc/dev,9,0.9397590160369873
2A,2A_20260530_184714_More_layers_2+Bigger_d_2,intent_acc/dev,10,0.9477911591529846
2A,2A_20260530_184714_More_layers_2+Bigger_d_2,intent_acc/dev,11,0.9497991800308228
2A,2A_20260530_184714_More_layers_2+Bigger_d_2,intent_acc/dev,12,0.9558233022689819
2A,2A_20260530_184714_More_layers_2+Bigger_d_2,intent_acc/dev,13,0.9578313231468201
2A,2A_20260530_184714_More_layers_2+Bigger_d_2,intent_acc/dev,14,0.9457831382751465
2A,2A_20260530_184714_More_layers_2+Bigger_d_2,intent_acc/dev,15,0.9558233022689819
2A,2A_20260530_184714_More_layers_2+Bigger_d_2,intent_acc/dev,16,0.9618473649024963
2A,2A_20260530_184714_More_layers_2+Bigger_d_2,intent_acc/dev,17,0.9538152813911438
2A,2A_20260530_184714_More_layers_2+Bigger_d_2,intent_acc/dev,18,0.9578313231468201
2A,2A_20260530_184714_More_layers_2+Bigger_d_2,intent_acc/dev,19,0.9638554453849792
2A,2A_20260530_184714_More_layers_2+Bigger_d_2,intent_acc/dev,20,0.9638554453849792
2A,2A_20260530_184714_More_layers_2+Bigger_d_2,intent_acc/dev,21,0.9598393440246582
2A,2A_20260530_184714_More_layers_2+Bigger_d_2,intent_acc/dev,22,0.9618473649024963
2A,2A_20260530_184714_More_layers_2+Bigger_d_2,intent_acc/dev,23,0.9658634662628174
2A,2A_20260530_184714_More_layers_2+Bigger_d_2,intent_acc/dev,24,0.9578313231468201
2A,2A_20260530_184714_More_layers_2+Bigger_d_2,intent_acc/dev,25,0.9678714871406555
2A,2A_20260530_184714_More_layers_2+Bigger_d_2,intent_acc/dev,26,0.9638554453849792
2A,2A_20260530_184714_More_layers_2+Bigger_d_2,intent_acc/dev,27,0.9638554453849792
2A,2A_20260530_184714_More_layers_2+Bigger_d_2,intent_acc/dev,28,0.9638554453849792
2A,2A_20260530_184714_More_layers_2+Bigger_d_2,intent_acc/dev,29,0.9618473649024963
2A,2A_20260530_184714_More_layers_2+Bigger_d_2,intent_acc/dev,30,0.9618473649024963
2A,2A_20260530_184714_More_layers_2+Bigger_d_2,intent_acc/dev,31,0.9598393440246582
2A,2A_20260530_184714_More_layers_2+Bigger_d_2,intent_acc/dev,32,0.9638554453849792
2A,2A_20260530_184714_More_layers_2+Bigger_d_2,intent_acc/dev,33,0.9678714871406555
2A,2A_20260530_184714_More_layers_2+Bigger_d_2,intent_acc/dev,34,0.9678714871406555
2A,2A_20260530_184714_More_layers_2+Bigger_d_2,intent_acc/dev,35,0.9698795080184937
2A,2A_20260530_184714_More_layers_2+Bigger_d_2,intent_acc/dev,36,0.9738956093788147
2A,2A_20260530_184714_More_layers_2+Bigger_d_2,intent_acc/dev,37,0.9718875288963318
2A,2A_20260530_184714_More_layers_2+Bigger_d_2,intent_acc/dev,38,0.9658634662628174
2A,2A_20260530_184714_More_layers_2+Bigger_d_2,intent_acc/dev,39,0.9698795080184937
2A,2A_20260530_184714_More_layers_2+Bigger_d_2,intent_acc/dev,40,0.9658634662628174
2A,2A_20260530_184957_More_layers+More_heads_2+Bigger_d,slot_f1/test,0,0.0
2A,2A_20260530_184957_More_layers+More_heads_2+Bigger_d,slot_f1/test,5,0.5424728393554688
2A,2A_20260530_184957_More_layers+More_heads_2+Bigger_d,slot_f1/test,10,0.7521520853042603
2A,2A_20260530_184957_More_layers+More_heads_2+Bigger_d,slot_f1/test,15,0.7797629833221436
2A,2A_20260530_184957_More_layers+More_heads_2+Bigger_d,slot_f1/test,20,0.799369752407074
2A,2A_20260530_184957_More_layers+More_heads_2+Bigger_d,slot_f1/test,25,0.8142957091331482
2A,2A_20260530_184957_More_layers+More_heads_2+Bigger_d,slot_f1/test,30,0.8288508653640747
2A,2A_20260530_184957_More_layers+More_heads_2+Bigger_d,slot_f1/test,35,0.8313000798225403
2A,2A_20260530_184957_More_layers+More_heads_2+Bigger_d,slot_f1/test,40,0.8435421586036682
2A,2A_20260530_184957_More_layers+More_heads_2+Bigger_d,slot_f1/test,45,0.8420135974884033
2A,2A_20260530_184957_More_layers+More_heads_2+Bigger_d,slot_f1/test,50,0.8469316363334656
2A,2A_20260530_184957_More_layers+More_heads_2+Bigger_d,slot_f1/test,55,0.8489810228347778
2A,2A_20260530_184957_More_layers+More_heads_2+Bigger_d,slot_f1/test,60,0.8524703979492188
2A,2A_20260530_184957_More_layers+More_heads_2+Bigger_d,slot_f1/test,100,0.8510118722915649
2A,2A_20260530_184957_More_layers+More_heads_2+Bigger_d,intent_acc/test,0,0.707726776599884
2A,2A_20260530_184957_More_layers+More_heads_2+Bigger_d,intent_acc/test,5,0.7637178301811218
2A,2A_20260530_184957_More_layers+More_heads_2+Bigger_d,intent_acc/test,10,0.836506187915802
2A,2A_20260530_184957_More_layers+More_heads_2+Bigger_d,intent_acc/test,15,0.8678611516952515
2A,2A_20260530_184957_More_layers+More_heads_2+Bigger_d,intent_acc/test,20,0.8891377449035645
2A,2A_20260530_184957_More_layers+More_heads_2+Bigger_d,intent_acc/test,25,0.8902575373649597
2A,2A_20260530_184957_More_layers+More_heads_2+Bigger_d,intent_acc/test,30,0.8992161154747009
2A,2A_20260530_184957_More_layers+More_heads_2+Bigger_d,intent_acc/test,35,0.8891377449035645
2A,2A_20260530_184957_More_layers+More_heads_2+Bigger_d,intent_acc/test,40,0.8868981003761292
2A,2A_20260530_184957_More_layers+More_heads_2+Bigger_d,intent_acc/test,45,0.8992161154747009
2A,2A_20260530_184957_More_layers+More_heads_2+Bigger_d,intent_acc/test,50,0.8980963230133057
2A,2A_20260530_184957_More_layers+More_heads_2+Bigger_d,intent_acc/test,55,0.8936170339584351
2A,2A_20260530_184957_More_layers+More_heads_2+Bigger_d,intent_acc/test,60,0.8958566784858704
2A,2A_20260530_184957_More_layers+More_heads_2+Bigger_d,intent_acc/test,100,0.8947368264198303
2A,2A_20260530_184957_More_layers+More_heads_2+Bigger_d,loss/train,0,5.807026386260986
2A,2A_20260530_184957_More_layers+More_heads_2+Bigger_d,loss/train,1,2.9669876098632812
2A,2A_20260530_184957_More_layers+More_heads_2+Bigger_d,loss/train,2,2.518707275390625
2A,2A_20260530_184957_More_layers+More_heads_2+Bigger_d,loss/train,3,2.1023051738739014
2A,2A_20260530_184957_More_layers+More_heads_2+Bigger_d,loss/train,4,1.821157455444336
2A,2A_20260530_184957_More_layers+More_heads_2+Bigger_d,loss/train,5,1.5941838026046753
2A,2A_20260530_184957_More_layers+More_heads_2+Bigger_d,loss/train,6,1.406672716140747
2A,2A_20260530_184957_More_layers+More_heads_2+Bigger_d,loss/train,7,1.200114369392395
2A,2A_20260530_184957_More_layers+More_heads_2+Bigger_d,loss/train,8,1.0082162618637085
2A,2A_20260530_184957_More_layers+More_heads_2+Bigger_d,loss/train,9,0.8606194257736206
2A,2A_20260530_184957_More_layers+More_heads_2+Bigger_d,loss/train,10,0.7522690892219543
2A,2A_20260530_184957_More_layers+More_heads_2+Bigger_d,loss/train,11,0.6507778167724609
2A,2A_20260530_184957_More_layers+More_heads_2+Bigger_d,loss/train,12,0.5721051096916199
2A,2A_20260530_184957_More_layers+More_heads_2+Bigger_d,loss/train,13,0.5143991708755493
2A,2A_20260530_184957_More_layers+More_heads_2+Bigger_d,loss/train,14,0.46269920468330383
2A,2A_20260530_184957_More_layers+More_heads_2+Bigger_d,loss/train,15,0.42183151841163635
2A,2A_20260530_184957_More_layers+More_heads_2+Bigger_d,loss/train,16,0.3892449140548706
2A,2A_20260530_184957_More_layers+More_heads_2+Bigger_d,loss/train,17,0.35620975494384766
2A,2A_20260530_184957_More_layers+More_heads_2+Bigger_d,loss/train,18,0.3278656005859375
2A,2A_20260530_184957_More_layers+More_heads_2+Bigger_d,loss/train,19,0.30257171392440796
2A,2A_20260530_184957_More_layers+More_heads_2+Bigger_d,loss/train,20,0.28193601965904236
2A,2A_20260530_184957_More_layers+More_heads_2+Bigger_d,loss/train,21,0.26514536142349243
2A,2A_20260530_184957_More_layers+More_heads_2+Bigger_d,loss/train,22,0.2528783082962036
2A,2A_20260530_184957_More_layers+More_heads_2+Bigger_d,loss/train,23,0.23550069332122803
2A,2A_20260530_184957_More_layers+More_heads_2+Bigger_d,loss/train,24,0.218916118144989
2A,2A_20260530_184957_More_layers+More_heads_2+Bigger_d,loss/train,25,0.2032269686460495
2A,2A_20260530_184957_More_layers+More_heads_2+Bigger_d,loss/train,26,0.19137252867221832
2A,2A_20260530_184957_More_layers+More_heads_2+Bigger_d,loss/train,27,0.17582173645496368
2A,2A_20260530_184957_More_layers+More_heads_2+Bigger_d,loss/train,28,0.16415703296661377
2A,2A_20260530_184957_More_layers+More_heads_2+Bigger_d,loss/train,29,0.15483900904655457
2A,2A_20260530_184957_More_layers+More_heads_2+Bigger_d,loss/train,30,0.14626258611679077
2A,2A_20260530_184957_More_layers+More_heads_2+Bigger_d,loss/train,31,0.13765810430049896
2A,2A_20260530_184957_More_layers+More_heads_2+Bigger_d,loss/train,32,0.13028210401535034
2A,2A_20260530_184957_More_layers+More_heads_2+Bigger_d,loss/train,33,0.12367144227027893
2A,2A_20260530_184957_More_layers+More_heads_2+Bigger_d,loss/train,34,0.11628589034080505
2A,2A_20260530_184957_More_layers+More_heads_2+Bigger_d,loss/train,35,0.11058495938777924
2A,2A_20260530_184957_More_layers+More_heads_2+Bigger_d,loss/train,36,0.10488908737897873
2A,2A_20260530_184957_More_layers+More_heads_2+Bigger_d,loss/train,37,0.09917502850294113
2A,2A_20260530_184957_More_layers+More_heads_2+Bigger_d,loss/train,38,0.0932033509016037
2A,2A_20260530_184957_More_layers+More_heads_2+Bigger_d,loss/train,39,0.08788403868675232
2A,2A_20260530_184957_More_layers+More_heads_2+Bigger_d,loss/train,40,0.08370865881443024
2A,2A_20260530_184957_More_layers+More_heads_2+Bigger_d,loss/train,41,0.07909247279167175
2A,2A_20260530_184957_More_layers+More_heads_2+Bigger_d,loss/train,42,0.1116931289434433
2A,2A_20260530_184957_More_layers+More_heads_2+Bigger_d,loss/train,43,0.19142429530620575
2A,2A_20260530_184957_More_layers+More_heads_2+Bigger_d,loss/train,44,0.11038051545619965
2A,2A_20260530_184957_More_layers+More_heads_2+Bigger_d,loss/train,45,0.08300124853849411
2A,2A_20260530_184957_More_layers+More_heads_2+Bigger_d,loss/train,46,0.07049089670181274
2A,2A_20260530_184957_More_layers+More_heads_2+Bigger_d,loss/train,47,0.06367328763008118
2A,2A_20260530_184957_More_layers+More_heads_2+Bigger_d,loss/train,48,0.059336964040994644
2A,2A_20260530_184957_More_layers+More_heads_2+Bigger_d,loss/train,49,0.05540376901626587
2A,2A_20260530_184957_More_layers+More_heads_2+Bigger_d,loss/train,50,0.0519387312233448
2A,2A_20260530_184957_More_layers+More_heads_2+Bigger_d,loss/train,51,0.04900292679667473
2A,2A_20260530_184957_More_layers+More_heads_2+Bigger_d,loss/train,52,0.046543579548597336
2A,2A_20260530_184957_More_layers+More_heads_2+Bigger_d,loss/train,53,0.043610211461782455
2A,2A_20260530_184957_More_layers+More_heads_2+Bigger_d,loss/train,54,0.04141179472208023
2A,2A_20260530_184957_More_layers+More_heads_2+Bigger_d,loss/train,55,0.039889153093099594
2A,2A_20260530_184957_More_layers+More_heads_2+Bigger_d,loss/train,56,0.03717995434999466
2A,2A_20260530_184957_More_layers+More_heads_2+Bigger_d,loss/train,57,0.03545551747083664
2A,2A_20260530_184957_More_layers+More_heads_2+Bigger_d,loss/train,58,0.03334731608629227
2A,2A_20260530_184957_More_layers+More_heads_2+Bigger_d,loss/train,59,0.031460341066122055
2A,2A_20260530_184957_More_layers+More_heads_2+Bigger_d,loss/train,60,0.029741551727056503
2A,2A_20260530_184957_More_layers+More_heads_2+Bigger_d,loss/train,61,0.028333835303783417
2A,2A_20260530_184957_More_layers+More_heads_2+Bigger_d,loss/train,62,0.02706448920071125
2A,2A_20260530_184957_More_layers+More_heads_2+Bigger_d,loss/train,63,0.025650499388575554
2A,2A_20260530_184957_More_layers+More_heads_2+Bigger_d,loss/train,64,0.02400539629161358
2A,2A_20260530_184957_More_layers+More_heads_2+Bigger_d,slot_f1/dev,0,0.0
2A,2A_20260530_184957_More_layers+More_heads_2+Bigger_d,slot_f1/dev,1,0.0
2A,2A_20260530_184957_More_layers+More_heads_2+Bigger_d,slot_f1/dev,2,0.3177832365036011
2A,2A_20260530_184957_More_layers+More_heads_2+Bigger_d,slot_f1/dev,3,0.39394935965538025
2A,2A_20260530_184957_More_layers+More_heads_2+Bigger_d,slot_f1/dev,4,0.49524977803230286
2A,2A_20260530_184957_More_layers+More_heads_2+Bigger_d,slot_f1/dev,5,0.5623500943183899
2A,2A_20260530_184957_More_layers+More_heads_2+Bigger_d,slot_f1/dev,6,0.63666170835495
2A,2A_20260530_184957_More_layers+More_heads_2+Bigger_d,slot_f1/dev,7,0.6740396022796631
2A,2A_20260530_184957_More_layers+More_heads_2+Bigger_d,slot_f1/dev,8,0.729769229888916
2A,2A_20260530_184957_More_layers+More_heads_2+Bigger_d,slot_f1/dev,9,0.7519952654838562
2A,2A_20260530_184957_More_layers+More_heads_2+Bigger_d,slot_f1/dev,10,0.755029559135437
2A,2A_20260530_184957_More_layers+More_heads_2+Bigger_d,slot_f1/dev,11,0.7733569145202637
2A,2A_20260530_184957_More_layers+More_heads_2+Bigger_d,slot_f1/dev,12,0.7890233397483826
2A,2A_20260530_184957_More_layers+More_heads_2+Bigger_d,slot_f1/dev,13,0.8015334606170654
2A,2A_20260530_184957_More_layers+More_heads_2+Bigger_d,slot_f1/dev,14,0.8062242865562439
2A,2A_20260530_184957_More_layers+More_heads_2+Bigger_d,slot_f1/dev,15,0.8157739639282227
2A,2A_20260530_184957_More_layers+More_heads_2+Bigger_d,slot_f1/dev,16,0.820406973361969
2A,2A_20260530_184957_More_layers+More_heads_2+Bigger_d,slot_f1/dev,17,0.8322147727012634
2A,2A_20260530_184957_More_layers+More_heads_2+Bigger_d,slot_f1/dev,18,0.8300233483314514
2A,2A_20260530_184957_More_layers+More_heads_2+Bigger_d,slot_f1/dev,19,0.8386717438697815
2A,2A_20260530_184957_More_layers+More_heads_2+Bigger_d,slot_f1/dev,20,0.8406561017036438
2A,2A_20260530_184957_More_layers+More_heads_2+Bigger_d,slot_f1/dev,21,0.8406561017036438
2A,2A_20260530_184957_More_layers+More_heads_2+Bigger_d,slot_f1/dev,22,0.8422280550003052
2A,2A_20260530_184957_More_layers+More_heads_2+Bigger_d,slot_f1/dev,23,0.8489795923233032
2A,2A_20260530_184957_More_layers+More_heads_2+Bigger_d,slot_f1/dev,24,0.8508158326148987
2A,2A_20260530_184957_More_layers+More_heads_2+Bigger_d,slot_f1/dev,25,0.8528809547424316
2A,2A_20260530_184957_More_layers+More_heads_2+Bigger_d,slot_f1/dev,26,0.8558926582336426
2A,2A_20260530_184957_More_layers+More_heads_2+Bigger_d,slot_f1/dev,27,0.8633975386619568
2A,2A_20260530_184957_More_layers+More_heads_2+Bigger_d,slot_f1/dev,28,0.8594751954078674
2A,2A_20260530_184957_More_layers+More_heads_2+Bigger_d,slot_f1/dev,29,0.8644859790802002
2A,2A_20260530_184957_More_layers+More_heads_2+Bigger_d,slot_f1/dev,30,0.8701754212379456
2A,2A_20260530_184957_More_layers+More_heads_2+Bigger_d,slot_f1/dev,31,0.871345043182373
2A,2A_20260530_184957_More_layers+More_heads_2+Bigger_d,slot_f1/dev,32,0.8722595572471619
2A,2A_20260530_184957_More_layers+More_heads_2+Bigger_d,slot_f1/dev,33,0.8772236704826355
2A,2A_20260530_184957_More_layers+More_heads_2+Bigger_d,slot_f1/dev,34,0.8798596858978271
2A,2A_20260530_184957_More_layers+More_heads_2+Bigger_d,slot_f1/dev,35,0.8774495720863342
2A,2A_20260530_184957_More_layers+More_heads_2+Bigger_d,slot_f1/dev,36,0.8805141448974609
2A,2A_20260530_184957_More_layers+More_heads_2+Bigger_d,slot_f1/dev,37,0.8819403648376465
2A,2A_20260530_184957_More_layers+More_heads_2+Bigger_d,slot_f1/dev,38,0.8855051398277283
2A,2A_20260530_184957_More_layers+More_heads_2+Bigger_d,slot_f1/dev,39,0.8859725594520569
2A,2A_20260530_184957_More_layers+More_heads_2+Bigger_d,slot_f1/dev,40,0.891361653804779
2A,2A_20260530_184957_More_layers+More_heads_2+Bigger_d,slot_f1/dev,41,0.8945518732070923
2A,2A_20260530_184957_More_layers+More_heads_2+Bigger_d,slot_f1/dev,42,0.886023998260498
2A,2A_20260530_184957_More_layers+More_heads_2+Bigger_d,slot_f1/dev,43,0.8876535892486572
2A,2A_20260530_184957_More_layers+More_heads_2+Bigger_d,slot_f1/dev,44,0.8919553756713867
2A,2A_20260530_184957_More_layers+More_heads_2+Bigger_d,slot_f1/dev,45,0.8987119197845459
2A,2A_20260530_184957_More_layers+More_heads_2+Bigger_d,slot_f1/dev,46,0.9007901549339294
2A,2A_20260530_184957_More_layers+More_heads_2+Bigger_d,slot_f1/dev,47,0.9039976596832275
2A,2A_20260530_184957_More_layers+More_heads_2+Bigger_d,slot_f1/dev,48,0.9029240012168884
2A,2A_20260530_184957_More_layers+More_heads_2+Bigger_d,slot_f1/dev,49,0.9052077531814575
2A,2A_20260530_184957_More_layers+More_heads_2+Bigger_d,slot_f1/dev,50,0.9092505574226379
2A,2A_20260530_184957_More_layers+More_heads_2+Bigger_d,slot_f1/dev,51,0.9095697999000549
2A,2A_20260530_184957_More_layers+More_heads_2+Bigger_d,slot_f1/dev,52,0.9129287600517273
2A,2A_20260530_184957_More_layers+More_heads_2+Bigger_d,slot_f1/dev,53,0.9096755385398865
2A,2A_20260530_184957_More_layers+More_heads_2+Bigger_d,slot_f1/dev,54,0.9150556325912476
2A,2A_20260530_184957_More_layers+More_heads_2+Bigger_d,slot_f1/dev,55,0.9098888039588928
2A,2A_20260530_184957_More_layers+More_heads_2+Bigger_d,slot_f1/dev,56,0.9150556325912476
2A,2A_20260530_184957_More_layers+More_heads_2+Bigger_d,slot_f1/dev,57,0.9181286692619324
2A,2A_20260530_184957_More_layers+More_heads_2+Bigger_d,slot_f1/dev,58,0.9151550531387329
2A,2A_20260530_184957_More_layers+More_heads_2+Bigger_d,slot_f1/dev,59,0.9209601879119873
2A,2A_20260530_184957_More_layers+More_heads_2+Bigger_d,slot_f1/dev,60,0.9203746914863586
2A,2A_20260530_184957_More_layers+More_heads_2+Bigger_d,slot_f1/dev,61,0.919251024723053
2A,2A_20260530_184957_More_layers+More_heads_2+Bigger_d,slot_f1/dev,62,0.918176531791687
2A,2A_20260530_184957_More_layers+More_heads_2+Bigger_d,slot_f1/dev,63,0.9209601879119873
2A,2A_20260530_184957_More_layers+More_heads_2+Bigger_d,slot_f1/dev,64,0.9189347624778748
2A,2A_20260530_184957_More_layers+More_heads_2+Bigger_d,intent_acc/dev,0,0.736947774887085
2A,2A_20260530_184957_More_layers+More_heads_2+Bigger_d,intent_acc/dev,1,0.736947774887085
2A,2A_20260530_184957_More_layers+More_heads_2+Bigger_d,intent_acc/dev,2,0.7610442042350769
2A,2A_20260530_184957_More_layers+More_heads_2+Bigger_d,intent_acc/dev,3,0.7570281028747559
2A,2A_20260530_184957_More_layers+More_heads_2+Bigger_d,intent_acc/dev,4,0.763052225112915
2A,2A_20260530_184957_More_layers+More_heads_2+Bigger_d,intent_acc/dev,5,0.7730923891067505
2A,2A_20260530_184957_More_layers+More_heads_2+Bigger_d,intent_acc/dev,6,0.8192771077156067
2A,2A_20260530_184957_More_layers+More_heads_2+Bigger_d,intent_acc/dev,7,0.8574297428131104
2A,2A_20260530_184957_More_layers+More_heads_2+Bigger_d,intent_acc/dev,8,0.8714859485626221
2A,2A_20260530_184957_More_layers+More_heads_2+Bigger_d,intent_acc/dev,9,0.8895582556724548
2A,2A_20260530_184957_More_layers+More_heads_2+Bigger_d,intent_acc/dev,10,0.9096385836601257
2A,2A_20260530_184957_More_layers+More_heads_2+Bigger_d,intent_acc/dev,11,0.9176706671714783
2A,2A_20260530_184957_More_layers+More_heads_2+Bigger_d,intent_acc/dev,12,0.9216867685317993
2A,2A_20260530_184957_More_layers+More_heads_2+Bigger_d,intent_acc/dev,13,0.9257028102874756
2A,2A_20260530_184957_More_layers+More_heads_2+Bigger_d,intent_acc/dev,14,0.9236947894096375
2A,2A_20260530_184957_More_layers+More_heads_2+Bigger_d,intent_acc/dev,15,0.9277108311653137
2A,2A_20260530_184957_More_layers+More_heads_2+Bigger_d,intent_acc/dev,16,0.9277108311653137
2A,2A_20260530_184957_More_layers+More_heads_2+Bigger_d,intent_acc/dev,17,0.9277108311653137
2A,2A_20260530_184957_More_layers+More_heads_2+Bigger_d,intent_acc/dev,18,0.9437751173973083
2A,2A_20260530_184957_More_layers+More_heads_2+Bigger_d,intent_acc/dev,19,0.9337349534034729
2A,2A_20260530_184957_More_layers+More_heads_2+Bigger_d,intent_acc/dev,20,0.9397590160369873
2A,2A_20260530_184957_More_layers+More_heads_2+Bigger_d,intent_acc/dev,21,0.935742974281311
2A,2A_20260530_184957_More_layers+More_heads_2+Bigger_d,intent_acc/dev,22,0.9417670965194702
2A,2A_20260530_184957_More_layers+More_heads_2+Bigger_d,intent_acc/dev,23,0.9397590160369873
2A,2A_20260530_184957_More_layers+More_heads_2+Bigger_d,intent_acc/dev,24,0.9457831382751465
2A,2A_20260530_184957_More_layers+More_heads_2+Bigger_d,intent_acc/dev,25,0.9477911591529846
2A,2A_20260530_184957_More_layers+More_heads_2+Bigger_d,intent_acc/dev,26,0.9477911591529846
2A,2A_20260530_184957_More_layers+More_heads_2+Bigger_d,intent_acc/dev,27,0.9497991800308228
2A,2A_20260530_184957_More_layers+More_heads_2+Bigger_d,intent_acc/dev,28,0.9538152813911438
2A,2A_20260530_184957_More_layers+More_heads_2+Bigger_d,intent_acc/dev,29,0.9538152813911438
2A,2A_20260530_184957_More_layers+More_heads_2+Bigger_d,intent_acc/dev,30,0.9518072009086609
2A,2A_20260530_184957_More_layers+More_heads_2+Bigger_d,intent_acc/dev,31,0.9598393440246582
2A,2A_20260530_184957_More_layers+More_heads_2+Bigger_d,intent_acc/dev,32,0.9518072009086609
2A,2A_20260530_184957_More_layers+More_heads_2+Bigger_d,intent_acc/dev,33,0.9558233022689819
2A,2A_20260530_184957_More_layers+More_heads_2+Bigger_d,intent_acc/dev,34,0.9558233022689819
2A,2A_20260530_184957_More_layers+More_heads_2+Bigger_d,intent_acc/dev,35,0.9558233022689819
2A,2A_20260530_184957_More_layers+More_heads_2+Bigger_d,intent_acc/dev,36,0.9538152813911438
2A,2A_20260530_184957_More_layers+More_heads_2+Bigger_d,intent_acc/dev,37,0.9558233022689819
2A,2A_20260530_184957_More_layers+More_heads_2+Bigger_d,intent_acc/dev,38,0.9477911591529846
2A,2A_20260530_184957_More_layers+More_heads_2+Bigger_d,intent_acc/dev,39,0.9518072009086609
2A,2A_20260530_184957_More_layers+More_heads_2+Bigger_d,intent_acc/dev,40,0.9497991800308228
2A,2A_20260530_184957_More_layers+More_heads_2+Bigger_d,intent_acc/dev,41,0.9538152813911438
2A,2A_20260530_184957_More_layers+More_heads_2+Bigger_d,intent_acc/dev,42,0.9377509951591492
2A,2A_20260530_184957_More_layers+More_heads_2+Bigger_d,intent_acc/dev,43,0.9518072009086609
2A,2A_20260530_184957_More_layers+More_heads_2+Bigger_d,intent_acc/dev,44,0.9558233022689819
2A,2A_20260530_184957_More_layers+More_heads_2+Bigger_d,intent_acc/dev,45,0.9618473649024963
2A,2A_20260530_184957_More_layers+More_heads_2+Bigger_d,intent_acc/dev,46,0.9598393440246582
2A,2A_20260530_184957_More_layers+More_heads_2+Bigger_d,intent_acc/dev,47,0.9618473649024963
2A,2A_20260530_184957_More_layers+More_heads_2+Bigger_d,intent_acc/dev,48,0.9618473649024963
2A,2A_20260530_184957_More_layers+More_heads_2+Bigger_d,intent_acc/dev,49,0.9618473649024963
2A,2A_20260530_184957_More_layers+More_heads_2+Bigger_d,intent_acc/dev,50,0.9598393440246582
2A,2A_20260530_184957_More_layers+More_heads_2+Bigger_d,intent_acc/dev,51,0.9598393440246582
2A,2A_20260530_184957_More_layers+More_heads_2+Bigger_d,intent_acc/dev,52,0.9598393440246582
2A,2A_20260530_184957_More_layers+More_heads_2+Bigger_d,intent_acc/dev,53,0.9618473649024963
2A,2A_20260530_184957_More_layers+More_heads_2+Bigger_d,intent_acc/dev,54,0.9598393440246582
2A,2A_20260530_184957_More_layers+More_heads_2+Bigger_d,intent_acc/dev,55,0.9598393440246582
2A,2A_20260530_184957_More_layers+More_heads_2+Bigger_d,intent_acc/dev,56,0.9598393440246582
2A,2A_20260530_184957_More_layers+More_heads_2+Bigger_d,intent_acc/dev,57,0.9578313231468201
2A,2A_20260530_184957_More_layers+More_heads_2+Bigger_d,intent_acc/dev,58,0.9598393440246582
2A,2A_20260530_184957_More_layers+More_heads_2+Bigger_d,intent_acc/dev,59,0.9578313231468201
2A,2A_20260530_184957_More_layers+More_heads_2+Bigger_d,intent_acc/dev,60,0.9578313231468201
2A,2A_20260530_184957_More_layers+More_heads_2+Bigger_d,intent_acc/dev,61,0.9578313231468201
2A,2A_20260530_184957_More_layers+More_heads_2+Bigger_d,intent_acc/dev,62,0.9578313231468201
2A,2A_20260530_184957_More_layers+More_heads_2+Bigger_d,intent_acc/dev,63,0.9578313231468201
2A,2A_20260530_184957_More_layers+More_heads_2+Bigger_d,intent_acc/dev,64,0.9578313231468201
2A,2A_20260602_160501_Dropout0.1_+_More_layers_2+More_heads+Bigger_d_2,slot_f1/test,0,0.02565707080066204
2A,2A_20260602_160501_Dropout0.1_+_More_layers_2+More_heads+Bigger_d_2,slot_f1/test,5,0.7156880497932434
2A,2A_20260602_160501_Dropout0.1_+_More_layers_2+More_heads+Bigger_d_2,slot_f1/test,10,0.8032326102256775
2A,2A_20260602_160501_Dropout0.1_+_More_layers_2+More_heads+Bigger_d_2,slot_f1/test,15,0.8441786766052246
2A,2A_20260602_160501_Dropout0.1_+_More_layers_2+More_heads+Bigger_d_2,slot_f1/test,20,0.8707982897758484
2A,2A_20260602_160501_Dropout0.1_+_More_layers_2+More_heads+Bigger_d_2,slot_f1/test,25,0.8757665753364563
2A,2A_20260602_160501_Dropout0.1_+_More_layers_2+More_heads+Bigger_d_2,slot_f1/test,30,0.8522045612335205
2A,2A_20260602_160501_Dropout0.1_+_More_layers_2+More_heads+Bigger_d_2,slot_f1/test,35,0.8896285891532898
2A,2A_20260602_160501_Dropout0.1_+_More_layers_2+More_heads+Bigger_d_2,slot_f1/test,40,0.8846761584281921
2A,2A_20260602_160501_Dropout0.1_+_More_layers_2+More_heads+Bigger_d_2,slot_f1/test,100,0.8905647397041321
2A,2A_20260602_160501_Dropout0.1_+_More_layers_2+More_heads+Bigger_d_2,intent_acc/test,0,0.707726776599884
2A,2A_20260602_160501_Dropout0.1_+_More_layers_2+More_heads+Bigger_d_2,intent_acc/test,5,0.8264277577400208
2A,2A_20260602_160501_Dropout0.1_+_More_layers_2+More_heads+Bigger_d_2,intent_acc/test,10,0.8824188113212585
2A,2A_20260602_160501_Dropout0.1_+_More_layers_2+More_heads+Bigger_d_2,intent_acc/test,15,0.9115341305732727
2A,2A_20260602_160501_Dropout0.1_+_More_layers_2+More_heads+Bigger_d_2,intent_acc/test,20,0.9249719977378845
2A,2A_20260602_160501_Dropout0.1_+_More_layers_2+More_heads+Bigger_d_2,intent_acc/test,25,0.921612560749054
2A,2A_20260602_160501_Dropout0.1_+_More_layers_2+More_heads+Bigger_d_2,intent_acc/test,30,0.9160134196281433
2A,2A_20260602_160501_Dropout0.1_+_More_layers_2+More_heads+Bigger_d_2,intent_acc/test,35,0.9417693018913269
2A,2A_20260602_160501_Dropout0.1_+_More_layers_2+More_heads+Bigger_d_2,intent_acc/test,40,0.9384098649024963
2A,2A_20260602_160501_Dropout0.1_+_More_layers_2+More_heads+Bigger_d_2,intent_acc/test,100,0.9395296573638916
2A,2A_20260602_160501_Dropout0.1_+_More_layers_2+More_heads+Bigger_d_2,loss/train,0,4.432612895965576
2A,2A_20260602_160501_Dropout0.1_+_More_layers_2+More_heads+Bigger_d_2,loss/train,1,2.5484883785247803
2A,2A_20260602_160501_Dropout0.1_+_More_layers_2+More_heads+Bigger_d_2,loss/train,2,2.292483329772949
2A,2A_20260602_160501_Dropout0.1_+_More_layers_2+More_heads+Bigger_d_2,loss/train,3,1.7468218803405762
2A,2A_20260602_160501_Dropout0.1_+_More_layers_2+More_heads+Bigger_d_2,loss/train,4,1.2513319253921509
2A,2A_20260602_160501_Dropout0.1_+_More_layers_2+More_heads+Bigger_d_2,loss/train,5,0.937519907951355
2A,2A_20260602_160501_Dropout0.1_+_More_layers_2+More_heads+Bigger_d_2,loss/train,6,0.7257819175720215
2A,2A_20260602_160501_Dropout0.1_+_More_layers_2+More_heads+Bigger_d_2,loss/train,7,0.5741276741027832
2A,2A_20260602_160501_Dropout0.1_+_More_layers_2+More_heads+Bigger_d_2,loss/train,8,0.4603363275527954
2A,2A_20260602_160501_Dropout0.1_+_More_layers_2+More_heads+Bigger_d_2,loss/train,9,0.38501477241516113
2A,2A_20260602_160501_Dropout0.1_+_More_layers_2+More_heads+Bigger_d_2,loss/train,10,0.34035876393318176
2A,2A_20260602_160501_Dropout0.1_+_More_layers_2+More_heads+Bigger_d_2,loss/train,11,0.2882828414440155
2A,2A_20260602_160501_Dropout0.1_+_More_layers_2+More_heads+Bigger_d_2,loss/train,12,0.2410895973443985
2A,2A_20260602_160501_Dropout0.1_+_More_layers_2+More_heads+Bigger_d_2,loss/train,13,0.22355173528194427
2A,2A_20260602_160501_Dropout0.1_+_More_layers_2+More_heads+Bigger_d_2,loss/train,14,0.20704405009746552
2A,2A_20260602_160501_Dropout0.1_+_More_layers_2+More_heads+Bigger_d_2,loss/train,15,0.16558080911636353
2A,2A_20260602_160501_Dropout0.1_+_More_layers_2+More_heads+Bigger_d_2,loss/train,16,0.13144885003566742
2A,2A_20260602_160501_Dropout0.1_+_More_layers_2+More_heads+Bigger_d_2,loss/train,17,0.11373811960220337
2A,2A_20260602_160501_Dropout0.1_+_More_layers_2+More_heads+Bigger_d_2,loss/train,18,0.0962313711643219
2A,2A_20260602_160501_Dropout0.1_+_More_layers_2+More_heads+Bigger_d_2,loss/train,19,0.08102886378765106
2A,2A_20260602_160501_Dropout0.1_+_More_layers_2+More_heads+Bigger_d_2,loss/train,20,0.06863921880722046
2A,2A_20260602_160501_Dropout0.1_+_More_layers_2+More_heads+Bigger_d_2,loss/train,21,0.05885259807109833
2A,2A_20260602_160501_Dropout0.1_+_More_layers_2+More_heads+Bigger_d_2,loss/train,22,0.05203413963317871
2A,2A_20260602_160501_Dropout0.1_+_More_layers_2+More_heads+Bigger_d_2,loss/train,23,0.044763874262571335
2A,2A_20260602_160501_Dropout0.1_+_More_layers_2+More_heads+Bigger_d_2,loss/train,24,0.039452917873859406
2A,2A_20260602_160501_Dropout0.1_+_More_layers_2+More_heads+Bigger_d_2,loss/train,25,0.03607697784900665
2A,2A_20260602_160501_Dropout0.1_+_More_layers_2+More_heads+Bigger_d_2,loss/train,26,0.052355896681547165
2A,2A_20260602_160501_Dropout0.1_+_More_layers_2+More_heads+Bigger_d_2,loss/train,27,0.06722147762775421
2A,2A_20260602_160501_Dropout0.1_+_More_layers_2+More_heads+Bigger_d_2,loss/train,28,0.055751413106918335
2A,2A_20260602_160501_Dropout0.1_+_More_layers_2+More_heads+Bigger_d_2,loss/train,29,0.07860807329416275
2A,2A_20260602_160501_Dropout0.1_+_More_layers_2+More_heads+Bigger_d_2,loss/train,30,0.12268345803022385
2A,2A_20260602_160501_Dropout0.1_+_More_layers_2+More_heads+Bigger_d_2,loss/train,31,0.08895603567361832
2A,2A_20260602_160501_Dropout0.1_+_More_layers_2+More_heads+Bigger_d_2,loss/train,32,0.04646121338009834
2A,2A_20260602_160501_Dropout0.1_+_More_layers_2+More_heads+Bigger_d_2,loss/train,33,0.029704201966524124
2A,2A_20260602_160501_Dropout0.1_+_More_layers_2+More_heads+Bigger_d_2,loss/train,34,0.02151791751384735
2A,2A_20260602_160501_Dropout0.1_+_More_layers_2+More_heads+Bigger_d_2,loss/train,35,0.016934525221586227
2A,2A_20260602_160501_Dropout0.1_+_More_layers_2+More_heads+Bigger_d_2,loss/train,36,0.01465266477316618
2A,2A_20260602_160501_Dropout0.1_+_More_layers_2+More_heads+Bigger_d_2,loss/train,37,0.013470365665853024
2A,2A_20260602_160501_Dropout0.1_+_More_layers_2+More_heads+Bigger_d_2,loss/train,38,0.011503697372972965
2A,2A_20260602_160501_Dropout0.1_+_More_layers_2+More_heads+Bigger_d_2,loss/train,39,0.010588266886770725
2A,2A_20260602_160501_Dropout0.1_+_More_layers_2+More_heads+Bigger_d_2,loss/train,40,0.009459350258111954
2A,2A_20260602_160501_Dropout0.1_+_More_layers_2+More_heads+Bigger_d_2,loss/train,41,0.008429892361164093
2A,2A_20260602_160501_Dropout0.1_+_More_layers_2+More_heads+Bigger_d_2,slot_f1/dev,0,0.04177545756101608
2A,2A_20260602_160501_Dropout0.1_+_More_layers_2+More_heads+Bigger_d_2,slot_f1/dev,1,0.24653661251068115
2A,2A_20260602_160501_Dropout0.1_+_More_layers_2+More_heads+Bigger_d_2,slot_f1/dev,2,0.3917832672595978
2A,2A_20260602_160501_Dropout0.1_+_More_layers_2+More_heads+Bigger_d_2,slot_f1/dev,3,0.5232489705085754
2A,2A_20260602_160501_Dropout0.1_+_More_layers_2+More_heads+Bigger_d_2,slot_f1/dev,4,0.6480546593666077
2A,2A_20260602_160501_Dropout0.1_+_More_layers_2+More_heads+Bigger_d_2,slot_f1/dev,5,0.7524400949478149
2A,2A_20260602_160501_Dropout0.1_+_More_layers_2+More_heads+Bigger_d_2,slot_f1/dev,6,0.7869242429733276
2A,2A_20260602_160501_Dropout0.1_+_More_layers_2+More_heads+Bigger_d_2,slot_f1/dev,7,0.8153619170188904
2A,2A_20260602_160501_Dropout0.1_+_More_layers_2+More_heads+Bigger_d_2,slot_f1/dev,8,0.8214391469955444
2A,2A_20260602_160501_Dropout0.1_+_More_layers_2+More_heads+Bigger_d_2,slot_f1/dev,9,0.8467670679092407
2A,2A_20260602_160501_Dropout0.1_+_More_layers_2+More_heads+Bigger_d_2,slot_f1/dev,10,0.8481124043464661
2A,2A_20260602_160501_Dropout0.1_+_More_layers_2+More_heads+Bigger_d_2,slot_f1/dev,11,0.8550469279289246
2A,2A_20260602_160501_Dropout0.1_+_More_layers_2+More_heads+Bigger_d_2,slot_f1/dev,12,0.8656452298164368
2A,2A_20260602_160501_Dropout0.1_+_More_layers_2+More_heads+Bigger_d_2,slot_f1/dev,13,0.8767284750938416
2A,2A_20260602_160501_Dropout0.1_+_More_layers_2+More_heads+Bigger_d_2,slot_f1/dev,14,0.8697441816329956
2A,2A_20260602_160501_Dropout0.1_+_More_layers_2+More_heads+Bigger_d_2,slot_f1/dev,15,0.8869973421096802
2A,2A_20260602_160501_Dropout0.1_+_More_layers_2+More_heads+Bigger_d_2,slot_f1/dev,16,0.8975868225097656
2A,2A_20260602_160501_Dropout0.1_+_More_layers_2+More_heads+Bigger_d_2,slot_f1/dev,17,0.9024103283882141
2A,2A_20260602_160501_Dropout0.1_+_More_layers_2+More_heads+Bigger_d_2,slot_f1/dev,18,0.9030178785324097
2A,2A_20260602_160501_Dropout0.1_+_More_layers_2+More_heads+Bigger_d_2,slot_f1/dev,19,0.9162503480911255
2A,2A_20260602_160501_Dropout0.1_+_More_layers_2+More_heads+Bigger_d_2,slot_f1/dev,20,0.9163253307342529
2A,2A_20260602_160501_Dropout0.1_+_More_layers_2+More_heads+Bigger_d_2,slot_f1/dev,21,0.9185705780982971
2A,2A_20260602_160501_Dropout0.1_+_More_layers_2+More_heads+Bigger_d_2,slot_f1/dev,22,0.9140350818634033
2A,2A_20260602_160501_Dropout0.1_+_More_layers_2+More_heads+Bigger_d_2,slot_f1/dev,23,0.921183705329895
2A,2A_20260602_160501_Dropout0.1_+_More_layers_2+More_heads+Bigger_d_2,slot_f1/dev,24,0.922173261642456
2A,2A_20260602_160501_Dropout0.1_+_More_layers_2+More_heads+Bigger_d_2,slot_f1/dev,25,0.9196009635925293
2A,2A_20260602_160501_Dropout0.1_+_More_layers_2+More_heads+Bigger_d_2,slot_f1/dev,26,0.9123831987380981
2A,2A_20260602_160501_Dropout0.1_+_More_layers_2+More_heads+Bigger_d_2,slot_f1/dev,27,0.9217647314071655
2A,2A_20260602_160501_Dropout0.1_+_More_layers_2+More_heads+Bigger_d_2,slot_f1/dev,28,0.9282974600791931
2A,2A_20260602_160501_Dropout0.1_+_More_layers_2+More_heads+Bigger_d_2,slot_f1/dev,29,0.9159590005874634
2A,2A_20260602_160501_Dropout0.1_+_More_layers_2+More_heads+Bigger_d_2,slot_f1/dev,30,0.917035698890686
2A,2A_20260602_160501_Dropout0.1_+_More_layers_2+More_heads+Bigger_d_2,slot_f1/dev,31,0.9194591641426086
2A,2A_20260602_160501_Dropout0.1_+_More_layers_2+More_heads+Bigger_d_2,slot_f1/dev,32,0.9301503300666809
2A,2A_20260602_160501_Dropout0.1_+_More_layers_2+More_heads+Bigger_d_2,slot_f1/dev,33,0.9356932044029236
2A,2A_20260602_160501_Dropout0.1_+_More_layers_2+More_heads+Bigger_d_2,slot_f1/dev,34,0.9376661777496338
2A,2A_20260602_160501_Dropout0.1_+_More_layers_2+More_heads+Bigger_d_2,slot_f1/dev,35,0.939893901348114
2A,2A_20260602_160501_Dropout0.1_+_More_layers_2+More_heads+Bigger_d_2,slot_f1/dev,36,0.9410724639892578
2A,2A_20260602_160501_Dropout0.1_+_More_layers_2+More_heads+Bigger_d_2,slot_f1/dev,37,0.9388235211372375
2A,2A_20260602_160501_Dropout0.1_+_More_layers_2+More_heads+Bigger_d_2,slot_f1/dev,38,0.9404832124710083
2A,2A_20260602_160501_Dropout0.1_+_More_layers_2+More_heads+Bigger_d_2,slot_f1/dev,39,0.9370588064193726
2A,2A_20260602_160501_Dropout0.1_+_More_layers_2+More_heads+Bigger_d_2,slot_f1/dev,40,0.9392330646514893
2A,2A_20260602_160501_Dropout0.1_+_More_layers_2+More_heads+Bigger_d_2,slot_f1/dev,41,0.9390279650688171
2A,2A_20260602_160501_Dropout0.1_+_More_layers_2+More_heads+Bigger_d_2,intent_acc/dev,0,0.736947774887085
2A,2A_20260602_160501_Dropout0.1_+_More_layers_2+More_heads+Bigger_d_2,intent_acc/dev,1,0.736947774887085
2A,2A_20260602_160501_Dropout0.1_+_More_layers_2+More_heads+Bigger_d_2,intent_acc/dev,2,0.736947774887085
2A,2A_20260602_160501_Dropout0.1_+_More_layers_2+More_heads+Bigger_d_2,intent_acc/dev,3,0.845381498336792
2A,2A_20260602_160501_Dropout0.1_+_More_layers_2+More_heads+Bigger_d_2,intent_acc/dev,4,0.8875501751899719
2A,2A_20260602_160501_Dropout0.1_+_More_layers_2+More_heads+Bigger_d_2,intent_acc/dev,5,0.8995984196662903
2A,2A_20260602_160501_Dropout0.1_+_More_layers_2+More_heads+Bigger_d_2,intent_acc/dev,6,0.9216867685317993
2A,2A_20260602_160501_Dropout0.1_+_More_layers_2+More_heads+Bigger_d_2,intent_acc/dev,7,0.9377509951591492
2A,2A_20260602_160501_Dropout0.1_+_More_layers_2+More_heads+Bigger_d_2,intent_acc/dev,8,0.9377509951591492
2A,2A_20260602_160501_Dropout0.1_+_More_layers_2+More_heads+Bigger_d_2,intent_acc/dev,9,0.9417670965194702
2A,2A_20260602_160501_Dropout0.1_+_More_layers_2+More_heads+Bigger_d_2,intent_acc/dev,10,0.935742974281311
2A,2A_20260602_160501_Dropout0.1_+_More_layers_2+More_heads+Bigger_d_2,intent_acc/dev,11,0.9437751173973083
2A,2A_20260602_160501_Dropout0.1_+_More_layers_2+More_heads+Bigger_d_2,intent_acc/dev,12,0.9578313231468201
2A,2A_20260602_160501_Dropout0.1_+_More_layers_2+More_heads+Bigger_d_2,intent_acc/dev,13,0.9538152813911438
2A,2A_20260602_160501_Dropout0.1_+_More_layers_2+More_heads+Bigger_d_2,intent_acc/dev,14,0.9658634662628174
2A,2A_20260602_160501_Dropout0.1_+_More_layers_2+More_heads+Bigger_d_2,intent_acc/dev,15,0.9638554453849792
2A,2A_20260602_160501_Dropout0.1_+_More_layers_2+More_heads+Bigger_d_2,intent_acc/dev,16,0.9698795080184937
2A,2A_20260602_160501_Dropout0.1_+_More_layers_2+More_heads+Bigger_d_2,intent_acc/dev,17,0.9618473649024963
2A,2A_20260602_160501_Dropout0.1_+_More_layers_2+More_heads+Bigger_d_2,intent_acc/dev,18,0.9698795080184937
2A,2A_20260602_160501_Dropout0.1_+_More_layers_2+More_heads+Bigger_d_2,intent_acc/dev,19,0.9658634662628174
2A,2A_20260602_160501_Dropout0.1_+_More_layers_2+More_heads+Bigger_d_2,intent_acc/dev,20,0.9698795080184937
2A,2A_20260602_160501_Dropout0.1_+_More_layers_2+More_heads+Bigger_d_2,intent_acc/dev,21,0.9678714871406555
2A,2A_20260602_160501_Dropout0.1_+_More_layers_2+More_heads+Bigger_d_2,intent_acc/dev,22,0.9678714871406555
2A,2A_20260602_160501_Dropout0.1_+_More_layers_2+More_heads+Bigger_d_2,intent_acc/dev,23,0.9698795080184937
2A,2A_20260602_160501_Dropout0.1_+_More_layers_2+More_heads+Bigger_d_2,intent_acc/dev,24,0.9698795080184937
2A,2A_20260602_160501_Dropout0.1_+_More_layers_2+More_heads+Bigger_d_2,intent_acc/dev,25,0.9558233022689819
2A,2A_20260602_160501_Dropout0.1_+_More_layers_2+More_heads+Bigger_d_2,intent_acc/dev,26,0.9658634662628174
2A,2A_20260602_160501_Dropout0.1_+_More_layers_2+More_heads+Bigger_d_2,intent_acc/dev,27,0.9578313231468201
2A,2A_20260602_160501_Dropout0.1_+_More_layers_2+More_heads+Bigger_d_2,intent_acc/dev,28,0.9638554453849792
2A,2A_20260602_160501_Dropout0.1_+_More_layers_2+More_heads+Bigger_d_2,intent_acc/dev,29,0.9618473649024963
2A,2A_20260602_160501_Dropout0.1_+_More_layers_2+More_heads+Bigger_d_2,intent_acc/dev,30,0.9578313231468201
2A,2A_20260602_160501_Dropout0.1_+_More_layers_2+More_heads+Bigger_d_2,intent_acc/dev,31,0.9738956093788147
2A,2A_20260602_160501_Dropout0.1_+_More_layers_2+More_heads+Bigger_d_2,intent_acc/dev,32,0.9859437942504883
2A,2A_20260602_160501_Dropout0.1_+_More_layers_2+More_heads+Bigger_d_2,intent_acc/dev,33,0.977911651134491
2A,2A_20260602_160501_Dropout0.1_+_More_layers_2+More_heads+Bigger_d_2,intent_acc/dev,34,0.9819276928901672
2A,2A_20260602_160501_Dropout0.1_+_More_layers_2+More_heads+Bigger_d_2,intent_acc/dev,35,0.9819276928901672
2A,2A_20260602_160501_Dropout0.1_+_More_layers_2+More_heads+Bigger_d_2,intent_acc/dev,36,0.9819276928901672
2A,2A_20260602_160501_Dropout0.1_+_More_layers_2+More_heads+Bigger_d_2,intent_acc/dev,37,0.9799196720123291
2A,2A_20260602_160501_Dropout0.1_+_More_layers_2+More_heads+Bigger_d_2,intent_acc/dev,38,0.9819276928901672
2A,2A_20260602_160501_Dropout0.1_+_More_layers_2+More_heads+Bigger_d_2,intent_acc/dev,39,0.9839357137680054
2A,2A_20260602_160501_Dropout0.1_+_More_layers_2+More_heads+Bigger_d_2,intent_acc/dev,40,0.9839357137680054
2A,2A_20260602_160501_Dropout0.1_+_More_layers_2+More_heads+Bigger_d_2,intent_acc/dev,41,0.9839357137680054
2A,2A_20260530_184137_Bigger_d_model_2,slot_f1/test,0,0.006901311222463846
2A,2A_20260530_184137_Bigger_d_model_2,slot_f1/test,5,0.6796777248382568
2A,2A_20260530_184137_Bigger_d_model_2,slot_f1/test,10,0.7964850664138794
2A,2A_20260530_184137_Bigger_d_model_2,slot_f1/test,15,0.8351494073867798
2A,2A_20260530_184137_Bigger_d_model_2,slot_f1/test,20,0.8597475290298462
2A,2A_20260530_184137_Bigger_d_model_2,slot_f1/test,25,0.8721461296081543
2A,2A_20260530_184137_Bigger_d_model_2,slot_f1/test,30,0.8763337135314941
2A,2A_20260530_184137_Bigger_d_model_2,slot_f1/test,35,0.8771008253097534
2A,2A_20260530_184137_Bigger_d_model_2,slot_f1/test,40,0.8821879625320435
2A,2A_20260530_184137_Bigger_d_model_2,slot_f1/test,45,0.8865509629249573
2A,2A_20260530_184137_Bigger_d_model_2,slot_f1/test,50,0.8880349397659302
2A,2A_20260530_184137_Bigger_d_model_2,slot_f1/test,55,0.8876463174819946
2A,2A_20260530_184137_Bigger_d_model_2,slot_f1/test,100,0.8838924765586853
2A,2A_20260530_184137_Bigger_d_model_2,intent_acc/test,0,0.707726776599884
2A,2A_20260530_184137_Bigger_d_model_2,intent_acc/test,5,0.8062710165977478
2A,2A_20260530_184137_Bigger_d_model_2,intent_acc/test,10,0.8801791667938232
2A,2A_20260530_184137_Bigger_d_model_2,intent_acc/test,15,0.8992161154747009
2A,2A_20260530_184137_Bigger_d_model_2,intent_acc/test,20,0.9193729162216187
2A,2A_20260530_184137_Bigger_d_model_2,intent_acc/test,25,0.9328107237815857
2A,2A_20260530_184137_Bigger_d_model_2,intent_acc/test,30,0.9305710792541504
2A,2A_20260530_184137_Bigger_d_model_2,intent_acc/test,35,0.936170220375061
2A,2A_20260530_184137_Bigger_d_model_2,intent_acc/test,40,0.9238522052764893
2A,2A_20260530_184137_Bigger_d_model_2,intent_acc/test,45,0.9294512867927551
2A,2A_20260530_184137_Bigger_d_model_2,intent_acc/test,50,0.9328107237815857
2A,2A_20260530_184137_Bigger_d_model_2,intent_acc/test,55,0.9316909313201904
2A,2A_20260530_184137_Bigger_d_model_2,intent_acc/test,100,0.9316909313201904
2A,2A_20260530_184137_Bigger_d_model_2,loss/train,0,4.7079596519470215
2A,2A_20260530_184137_Bigger_d_model_2,loss/train,1,2.6177003383636475
2A,2A_20260530_184137_Bigger_d_model_2,loss/train,2,2.1643929481506348
2A,2A_20260530_184137_Bigger_d_model_2,loss/train,3,1.6608649492263794
2A,2A_20260530_184137_Bigger_d_model_2,loss/train,4,1.3229094743728638
2A,2A_20260530_184137_Bigger_d_model_2,loss/train,5,1.0877845287322998
2A,2A_20260530_184137_Bigger_d_model_2,loss/train,6,0.887897789478302
2A,2A_20260530_184137_Bigger_d_model_2,loss/train,7,0.7242374420166016
2A,2A_20260530_184137_Bigger_d_model_2,loss/train,8,0.6088786721229553
2A,2A_20260530_184137_Bigger_d_model_2,loss/train,9,0.5238723754882812
2A,2A_20260530_184137_Bigger_d_model_2,loss/train,10,0.44582661986351013
2A,2A_20260530_184137_Bigger_d_model_2,loss/train,11,0.3906497657299042
2A,2A_20260530_184137_Bigger_d_model_2,loss/train,12,0.3461073935031891
2A,2A_20260530_184137_Bigger_d_model_2,loss/train,13,0.31461358070373535
2A,2A_20260530_184137_Bigger_d_model_2,loss/train,14,0.275091290473938
2A,2A_20260530_184137_Bigger_d_model_2,loss/train,15,0.251983106136322
2A,2A_20260530_184137_Bigger_d_model_2,loss/train,16,0.23269759118556976
2A,2A_20260530_184137_Bigger_d_model_2,loss/train,17,0.20411601662635803
2A,2A_20260530_184137_Bigger_d_model_2,loss/train,18,0.18054836988449097
2A,2A_20260530_184137_Bigger_d_model_2,loss/train,19,0.16967888176441193
2A,2A_20260530_184137_Bigger_d_model_2,loss/train,20,0.1655716598033905
2A,2A_20260530_184137_Bigger_d_model_2,loss/train,21,0.14904385805130005
2A,2A_20260530_184137_Bigger_d_model_2,loss/train,22,0.13488860428333282
2A,2A_20260530_184137_Bigger_d_model_2,loss/train,23,0.13375796377658844
2A,2A_20260530_184137_Bigger_d_model_2,loss/train,24,0.11881286650896072
2A,2A_20260530_184137_Bigger_d_model_2,loss/train,25,0.10121657699346542
2A,2A_20260530_184137_Bigger_d_model_2,loss/train,26,0.09659228473901749
2A,2A_20260530_184137_Bigger_d_model_2,loss/train,27,0.08892513811588287
2A,2A_20260530_184137_Bigger_d_model_2,loss/train,28,0.0816342905163765
2A,2A_20260530_184137_Bigger_d_model_2,loss/train,29,0.07666811347007751
2A,2A_20260530_184137_Bigger_d_model_2,loss/train,30,0.07133446633815765
2A,2A_20260530_184137_Bigger_d_model_2,loss/train,31,0.06925851106643677
2A,2A_20260530_184137_Bigger_d_model_2,loss/train,32,0.0650930106639862
2A,2A_20260530_184137_Bigger_d_model_2,loss/train,33,0.06089228019118309
2A,2A_20260530_184137_Bigger_d_model_2,loss/train,34,0.05826042592525482
2A,2A_20260530_184137_Bigger_d_model_2,loss/train,35,0.06002574414014816
2A,2A_20260530_184137_Bigger_d_model_2,loss/train,36,0.06479556113481522
2A,2A_20260530_184137_Bigger_d_model_2,loss/train,37,0.06841612607240677
2A,2A_20260530_184137_Bigger_d_model_2,loss/train,38,0.06188134849071503
2A,2A_20260530_184137_Bigger_d_model_2,loss/train,39,0.05347972735762596
2A,2A_20260530_184137_Bigger_d_model_2,loss/train,40,0.04983314499258995
2A,2A_20260530_184137_Bigger_d_model_2,loss/train,41,0.04923783987760544
2A,2A_20260530_184137_Bigger_d_model_2,loss/train,42,0.04661130532622337
2A,2A_20260530_184137_Bigger_d_model_2,loss/train,43,0.04398760944604874
2A,2A_20260530_184137_Bigger_d_model_2,loss/train,44,0.04289078339934349
2A,2A_20260530_184137_Bigger_d_model_2,loss/train,45,0.03963139280676842
2A,2A_20260530_184137_Bigger_d_model_2,loss/train,46,0.03186077997088432
2A,2A_20260530_184137_Bigger_d_model_2,loss/train,47,0.030171174556016922
2A,2A_20260530_184137_Bigger_d_model_2,loss/train,48,0.027540763840079308
2A,2A_20260530_184137_Bigger_d_model_2,loss/train,49,0.02519499696791172
2A,2A_20260530_184137_Bigger_d_model_2,loss/train,50,0.02465103752911091
2A,2A_20260530_184137_Bigger_d_model_2,loss/train,51,0.022807149216532707
2A,2A_20260530_184137_Bigger_d_model_2,loss/train,52,0.02148422598838806
2A,2A_20260530_184137_Bigger_d_model_2,loss/train,53,0.02034916914999485
2A,2A_20260530_184137_Bigger_d_model_2,loss/train,54,0.019495686516165733
2A,2A_20260530_184137_Bigger_d_model_2,loss/train,55,0.017936905845999718
2A,2A_20260530_184137_Bigger_d_model_2,loss/train,56,0.017060548067092896
2A,2A_20260530_184137_Bigger_d_model_2,loss/train,57,0.01624547317624092
2A,2A_20260530_184137_Bigger_d_model_2,slot_f1/dev,0,0.004656577482819557
2A,2A_20260530_184137_Bigger_d_model_2,slot_f1/dev,1,0.17309090495109558
2A,2A_20260530_184137_Bigger_d_model_2,slot_f1/dev,2,0.4081893861293793
2A,2A_20260530_184137_Bigger_d_model_2,slot_f1/dev,3,0.5425693988800049
2A,2A_20260530_184137_Bigger_d_model_2,slot_f1/dev,4,0.6598984599113464
2A,2A_20260530_184137_Bigger_d_model_2,slot_f1/dev,5,0.7264547348022461
2A,2A_20260530_184137_Bigger_d_model_2,slot_f1/dev,6,0.7658059000968933
2A,2A_20260530_184137_Bigger_d_model_2,slot_f1/dev,7,0.7995247840881348
2A,2A_20260530_184137_Bigger_d_model_2,slot_f1/dev,8,0.8237741589546204
2A,2A_20260530_184137_Bigger_d_model_2,slot_f1/dev,9,0.8423236608505249
2A,2A_20260530_184137_Bigger_d_model_2,slot_f1/dev,10,0.8406898379325867
2A,2A_20260530_184137_Bigger_d_model_2,slot_f1/dev,11,0.8529411554336548
2A,2A_20260530_184137_Bigger_d_model_2,slot_f1/dev,12,0.8651982545852661
2A,2A_20260530_184137_Bigger_d_model_2,slot_f1/dev,13,0.874889612197876
2A,2A_20260530_184137_Bigger_d_model_2,slot_f1/dev,14,0.8827342391014099
2A,2A_20260530_184137_Bigger_d_model_2,slot_f1/dev,15,0.8837893605232239
2A,2A_20260530_184137_Bigger_d_model_2,slot_f1/dev,16,0.8882387280464172
2A,2A_20260530_184137_Bigger_d_model_2,slot_f1/dev,17,0.8979111313819885
2A,2A_20260530_184137_Bigger_d_model_2,slot_f1/dev,18,0.9005882143974304
2A,2A_20260530_184137_Bigger_d_model_2,slot_f1/dev,19,0.901648998260498
2A,2A_20260530_184137_Bigger_d_model_2,slot_f1/dev,20,0.9007948040962219
2A,2A_20260530_184137_Bigger_d_model_2,slot_f1/dev,21,0.9027695655822754
2A,2A_20260530_184137_Bigger_d_model_2,slot_f1/dev,22,0.9023174047470093
2A,2A_20260530_184137_Bigger_d_model_2,slot_f1/dev,23,0.9073256850242615
2A,2A_20260530_184137_Bigger_d_model_2,slot_f1/dev,24,0.9117127656936646
2A,2A_20260530_184137_Bigger_d_model_2,slot_f1/dev,25,0.9115044474601746
2A,2A_20260530_184137_Bigger_d_model_2,slot_f1/dev,26,0.9076470732688904
2A,2A_20260530_184137_Bigger_d_model_2,slot_f1/dev,27,0.9218519330024719
2A,2A_20260530_184137_Bigger_d_model_2,slot_f1/dev,28,0.9155136942863464
2A,2A_20260530_184137_Bigger_d_model_2,slot_f1/dev,29,0.9244340062141418
2A,2A_20260530_184137_Bigger_d_model_2,slot_f1/dev,30,0.9231675267219543
2A,2A_20260530_184137_Bigger_d_model_2,slot_f1/dev,31,0.9257075190544128
2A,2A_20260530_184137_Bigger_d_model_2,slot_f1/dev,32,0.9254347085952759
2A,2A_20260530_184137_Bigger_d_model_2,slot_f1/dev,33,0.9287396669387817
2A,2A_20260530_184137_Bigger_d_model_2,slot_f1/dev,34,0.9252501726150513
2A,2A_20260530_184137_Bigger_d_model_2,slot_f1/dev,35,0.9244340062141418
2A,2A_20260530_184137_Bigger_d_model_2,slot_f1/dev,36,0.9243895411491394
2A,2A_20260530_184137_Bigger_d_model_2,slot_f1/dev,37,0.9275191426277161
2A,2A_20260530_184137_Bigger_d_model_2,slot_f1/dev,38,0.928803563117981
2A,2A_20260530_184137_Bigger_d_model_2,slot_f1/dev,39,0.9268004894256592
2A,2A_20260530_184137_Bigger_d_model_2,slot_f1/dev,40,0.9304655194282532
2A,2A_20260530_184137_Bigger_d_model_2,slot_f1/dev,41,0.9359692931175232
2A,2A_20260530_184137_Bigger_d_model_2,slot_f1/dev,42,0.9333333373069763
2A,2A_20260530_184137_Bigger_d_model_2,slot_f1/dev,43,0.9354172945022583
2A,2A_20260530_184137_Bigger_d_model_2,slot_f1/dev,44,0.936761200428009
2A,2A_20260530_184137_Bigger_d_model_2,slot_f1/dev,45,0.9365968704223633
2A,2A_20260530_184137_Bigger_d_model_2,slot_f1/dev,46,0.9358068108558655
2A,2A_20260530_184137_Bigger_d_model_2,slot_f1/dev,47,0.9367461204528809
2A,2A_20260530_184137_Bigger_d_model_2,slot_f1/dev,48,0.9374449253082275
2A,2A_20260530_184137_Bigger_d_model_2,slot_f1/dev,49,0.9355313777923584
2A,2A_20260530_184137_Bigger_d_model_2,slot_f1/dev,50,0.9335294365882874
2A,2A_20260530_184137_Bigger_d_model_2,slot_f1/dev,51,0.9368731379508972
2A,2A_20260530_184137_Bigger_d_model_2,slot_f1/dev,52,0.9389200210571289
2A,2A_20260530_184137_Bigger_d_model_2,slot_f1/dev,53,0.9381839632987976
2A,2A_20260530_184137_Bigger_d_model_2,slot_f1/dev,54,0.9372606873512268
2A,2A_20260530_184137_Bigger_d_model_2,slot_f1/dev,55,0.9358068108558655
2A,2A_20260530_184137_Bigger_d_model_2,slot_f1/dev,56,0.9361200928688049
2A,2A_20260530_184137_Bigger_d_model_2,slot_f1/dev,57,0.9333333373069763
2A,2A_20260530_184137_Bigger_d_model_2,intent_acc/dev,0,0.736947774887085
2A,2A_20260530_184137_Bigger_d_model_2,intent_acc/dev,1,0.7610442042350769
2A,2A_20260530_184137_Bigger_d_model_2,intent_acc/dev,2,0.7710843086242676
2A,2A_20260530_184137_Bigger_d_model_2,intent_acc/dev,3,0.8313252925872803
2A,2A_20260530_184137_Bigger_d_model_2,intent_acc/dev,4,0.827309250831604
2A,2A_20260530_184137_Bigger_d_model_2,intent_acc/dev,5,0.8694779276847839
2A,2A_20260530_184137_Bigger_d_model_2,intent_acc/dev,6,0.8955823183059692
2A,2A_20260530_184137_Bigger_d_model_2,intent_acc/dev,7,0.9236947894096375
2A,2A_20260530_184137_Bigger_d_model_2,intent_acc/dev,8,0.9297188520431519
2A,2A_20260530_184137_Bigger_d_model_2,intent_acc/dev,9,0.935742974281311
2A,2A_20260530_184137_Bigger_d_model_2,intent_acc/dev,10,0.9457831382751465
2A,2A_20260530_184137_Bigger_d_model_2,intent_acc/dev,11,0.9457831382751465
2A,2A_20260530_184137_Bigger_d_model_2,intent_acc/dev,12,0.9457831382751465
2A,2A_20260530_184137_Bigger_d_model_2,intent_acc/dev,13,0.9538152813911438
2A,2A_20260530_184137_Bigger_d_model_2,intent_acc/dev,14,0.9558233022689819
2A,2A_20260530_184137_Bigger_d_model_2,intent_acc/dev,15,0.9598393440246582
2A,2A_20260530_184137_Bigger_d_model_2,intent_acc/dev,16,0.9618473649024963
2A,2A_20260530_184137_Bigger_d_model_2,intent_acc/dev,17,0.9578313231468201
2A,2A_20260530_184137_Bigger_d_model_2,intent_acc/dev,18,0.9578313231468201
2A,2A_20260530_184137_Bigger_d_model_2,intent_acc/dev,19,0.9558233022689819
2A,2A_20260530_184137_Bigger_d_model_2,intent_acc/dev,20,0.9658634662628174
2A,2A_20260530_184137_Bigger_d_model_2,intent_acc/dev,21,0.9518072009086609
2A,2A_20260530_184137_Bigger_d_model_2,intent_acc/dev,22,0.9618473649024963
2A,2A_20260530_184137_Bigger_d_model_2,intent_acc/dev,23,0.9658634662628174
2A,2A_20260530_184137_Bigger_d_model_2,intent_acc/dev,24,0.9638554453849792
2A,2A_20260530_184137_Bigger_d_model_2,intent_acc/dev,25,0.9658634662628174
2A,2A_20260530_184137_Bigger_d_model_2,intent_acc/dev,26,0.9618473649024963
2A,2A_20260530_184137_Bigger_d_model_2,intent_acc/dev,27,0.9578313231468201
2A,2A_20260530_184137_Bigger_d_model_2,intent_acc/dev,28,0.9618473649024963
2A,2A_20260530_184137_Bigger_d_model_2,intent_acc/dev,29,0.9678714871406555
2A,2A_20260530_184137_Bigger_d_model_2,intent_acc/dev,30,0.9618473649024963
2A,2A_20260530_184137_Bigger_d_model_2,intent_acc/dev,31,0.9678714871406555
2A,2A_20260530_184137_Bigger_d_model_2,intent_acc/dev,32,0.9598393440246582
2A,2A_20260530_184137_Bigger_d_model_2,intent_acc/dev,33,0.9618473649024963
2A,2A_20260530_184137_Bigger_d_model_2,intent_acc/dev,34,0.9598393440246582
2A,2A_20260530_184137_Bigger_d_model_2,intent_acc/dev,35,0.9598393440246582
2A,2A_20260530_184137_Bigger_d_model_2,intent_acc/dev,36,0.9638554453849792
2A,2A_20260530_184137_Bigger_d_model_2,intent_acc/dev,37,0.9678714871406555
2A,2A_20260530_184137_Bigger_d_model_2,intent_acc/dev,38,0.9598393440246582
2A,2A_20260530_184137_Bigger_d_model_2,intent_acc/dev,39,0.9598393440246582
2A,2A_20260530_184137_Bigger_d_model_2,intent_acc/dev,40,0.9598393440246582
2A,2A_20260530_184137_Bigger_d_model_2,intent_acc/dev,41,0.9618473649024963
2A,2A_20260530_184137_Bigger_d_model_2,intent_acc/dev,42,0.9638554453849792
2A,2A_20260530_184137_Bigger_d_model_2,intent_acc/dev,43,0.9638554453849792
2A,2A_20260530_184137_Bigger_d_model_2,intent_acc/dev,44,0.9678714871406555
2A,2A_20260530_184137_Bigger_d_model_2,intent_acc/dev,45,0.9678714871406555
2A,2A_20260530_184137_Bigger_d_model_2,intent_acc/dev,46,0.9618473649024963
2A,2A_20260530_184137_Bigger_d_model_2,intent_acc/dev,47,0.9678714871406555
2A,2A_20260530_184137_Bigger_d_model_2,intent_acc/dev,48,0.9658634662628174
2A,2A_20260530_184137_Bigger_d_model_2,intent_acc/dev,49,0.9698795080184937
2A,2A_20260530_184137_Bigger_d_model_2,intent_acc/dev,50,0.9598393440246582
2A,2A_20260530_184137_Bigger_d_model_2,intent_acc/dev,51,0.9638554453849792
2A,2A_20260530_184137_Bigger_d_model_2,intent_acc/dev,52,0.9678714871406555
2A,2A_20260530_184137_Bigger_d_model_2,intent_acc/dev,53,0.9598393440246582
2A,2A_20260530_184137_Bigger_d_model_2,intent_acc/dev,54,0.9678714871406555
2A,2A_20260530_184137_Bigger_d_model_2,intent_acc/dev,55,0.9658634662628174
2A,2A_20260530_184137_Bigger_d_model_2,intent_acc/dev,56,0.9658634662628174
2A,2A_20260530_184137_Bigger_d_model_2,intent_acc/dev,57,0.9638554453849792
2A,2A_20260530_184854_More_layers_2+More_heads+Bigger_d,slot_f1/test,0,0.0
2A,2A_20260530_184854_More_layers_2+More_heads+Bigger_d,slot_f1/test,5,0.5372133851051331
2A,2A_20260530_184854_More_layers_2+More_heads+Bigger_d,slot_f1/test,10,0.7508329153060913
2A,2A_20260530_184854_More_layers_2+More_heads+Bigger_d,slot_f1/test,15,0.7846823334693909
2A,2A_20260530_184854_More_layers_2+More_heads+Bigger_d,slot_f1/test,20,0.8087336421012878
2A,2A_20260530_184854_More_layers_2+More_heads+Bigger_d,slot_f1/test,25,0.8223456144332886
2A,2A_20260530_184854_More_layers_2+More_heads+Bigger_d,slot_f1/test,30,0.8122843503952026
2A,2A_20260530_184854_More_layers_2+More_heads+Bigger_d,slot_f1/test,35,0.8557023406028748
2A,2A_20260530_184854_More_layers_2+More_heads+Bigger_d,slot_f1/test,40,0.8605176210403442
2A,2A_20260530_184854_More_layers_2+More_heads+Bigger_d,slot_f1/test,45,0.8615064024925232
2A,2A_20260530_184854_More_layers_2+More_heads+Bigger_d,slot_f1/test,50,0.8617039918899536
2A,2A_20260530_184854_More_layers_2+More_heads+Bigger_d,slot_f1/test,55,0.8589298129081726
2A,2A_20260530_184854_More_layers_2+More_heads+Bigger_d,slot_f1/test,100,0.858282744884491
2A,2A_20260530_184854_More_layers_2+More_heads+Bigger_d,intent_acc/test,0,0.707726776599884
2A,2A_20260530_184854_More_layers_2+More_heads+Bigger_d,intent_acc/test,5,0.7827547788619995
2A,2A_20260530_184854_More_layers_2+More_heads+Bigger_d,intent_acc/test,10,0.857782781124115
2A,2A_20260530_184854_More_layers_2+More_heads+Bigger_d,intent_acc/test,15,0.9014557600021362
2A,2A_20260530_184854_More_layers_2+More_heads+Bigger_d,intent_acc/test,20,0.913773775100708
2A,2A_20260530_184854_More_layers_2+More_heads+Bigger_d,intent_acc/test,25,0.9059350490570068
2A,2A_20260530_184854_More_layers_2+More_heads+Bigger_d,intent_acc/test,30,0.8969764709472656
2A,2A_20260530_184854_More_layers_2+More_heads+Bigger_d,intent_acc/test,35,0.9126539826393127
2A,2A_20260530_184854_More_layers_2+More_heads+Bigger_d,intent_acc/test,40,0.9126539826393127
2A,2A_20260530_184854_More_layers_2+More_heads+Bigger_d,intent_acc/test,45,0.9115341305732727
2A,2A_20260530_184854_More_layers_2+More_heads+Bigger_d,intent_acc/test,50,0.913773775100708
2A,2A_20260530_184854_More_layers_2+More_heads+Bigger_d,intent_acc/test,55,0.9104143381118774
2A,2A_20260530_184854_More_layers_2+More_heads+Bigger_d,intent_acc/test,100,0.9104143381118774
2A,2A_20260530_184854_More_layers_2+More_heads+Bigger_d,loss/train,0,5.589014053344727
2A,2A_20260530_184854_More_layers_2+More_heads+Bigger_d,loss/train,1,2.986254930496216
2A,2A_20260530_184854_More_layers_2+More_heads+Bigger_d,loss/train,2,2.5383498668670654
2A,2A_20260530_184854_More_layers_2+More_heads+Bigger_d,loss/train,3,2.1244025230407715
2A,2A_20260530_184854_More_layers_2+More_heads+Bigger_d,loss/train,4,1.8131881952285767
2A,2A_20260530_184854_More_layers_2+More_heads+Bigger_d,loss/train,5,1.519736886024475
2A,2A_20260530_184854_More_layers_2+More_heads+Bigger_d,loss/train,6,1.2183623313903809
2A,2A_20260530_184854_More_layers_2+More_heads+Bigger_d,loss/train,7,0.973203182220459
2A,2A_20260530_184854_More_layers_2+More_heads+Bigger_d,loss/train,8,0.8143765330314636
2A,2A_20260530_184854_More_layers_2+More_heads+Bigger_d,loss/train,9,0.6770614385604858
2A,2A_20260530_184854_More_layers_2+More_heads+Bigger_d,loss/train,10,0.5881850719451904
2A,2A_20260530_184854_More_layers_2+More_heads+Bigger_d,loss/train,11,0.5152166485786438
2A,2A_20260530_184854_More_layers_2+More_heads+Bigger_d,loss/train,12,0.4486168920993805
2A,2A_20260530_184854_More_layers_2+More_heads+Bigger_d,loss/train,13,0.4135265350341797
2A,2A_20260530_184854_More_layers_2+More_heads+Bigger_d,loss/train,14,0.36055850982666016
2A,2A_20260530_184854_More_layers_2+More_heads+Bigger_d,loss/train,15,0.3211475908756256
2A,2A_20260530_184854_More_layers_2+More_heads+Bigger_d,loss/train,16,0.296406626701355
2A,2A_20260530_184854_More_layers_2+More_heads+Bigger_d,loss/train,17,0.2666686475276947
2A,2A_20260530_184854_More_layers_2+More_heads+Bigger_d,loss/train,18,0.2537008821964264
2A,2A_20260530_184854_More_layers_2+More_heads+Bigger_d,loss/train,19,0.2397652566432953
2A,2A_20260530_184854_More_layers_2+More_heads+Bigger_d,loss/train,20,0.23146912455558777
2A,2A_20260530_184854_More_layers_2+More_heads+Bigger_d,loss/train,21,0.2032707780599594
2A,2A_20260530_184854_More_layers_2+More_heads+Bigger_d,loss/train,22,0.18415720760822296
2A,2A_20260530_184854_More_layers_2+More_heads+Bigger_d,loss/train,23,0.1666637659072876
2A,2A_20260530_184854_More_layers_2+More_heads+Bigger_d,loss/train,24,0.15428949892520905
2A,2A_20260530_184854_More_layers_2+More_heads+Bigger_d,loss/train,25,0.1448851227760315
2A,2A_20260530_184854_More_layers_2+More_heads+Bigger_d,loss/train,26,0.1362120509147644
2A,2A_20260530_184854_More_layers_2+More_heads+Bigger_d,loss/train,27,0.13078922033309937
2A,2A_20260530_184854_More_layers_2+More_heads+Bigger_d,loss/train,28,0.14092448353767395
2A,2A_20260530_184854_More_layers_2+More_heads+Bigger_d,loss/train,29,0.18970760703086853
2A,2A_20260530_184854_More_layers_2+More_heads+Bigger_d,loss/train,30,0.1742280125617981
2A,2A_20260530_184854_More_layers_2+More_heads+Bigger_d,loss/train,31,0.14946991205215454
2A,2A_20260530_184854_More_layers_2+More_heads+Bigger_d,loss/train,32,0.11527779698371887
2A,2A_20260530_184854_More_layers_2+More_heads+Bigger_d,loss/train,33,0.09979531168937683
2A,2A_20260530_184854_More_layers_2+More_heads+Bigger_d,loss/train,34,0.08920155465602875
2A,2A_20260530_184854_More_layers_2+More_heads+Bigger_d,loss/train,35,0.08215203881263733
2A,2A_20260530_184854_More_layers_2+More_heads+Bigger_d,loss/train,36,0.07520805299282074
2A,2A_20260530_184854_More_layers_2+More_heads+Bigger_d,loss/train,37,0.06894715130329132
2A,2A_20260530_184854_More_layers_2+More_heads+Bigger_d,loss/train,38,0.06390365213155746
2A,2A_20260530_184854_More_layers_2+More_heads+Bigger_d,loss/train,39,0.05839410424232483
2A,2A_20260530_184854_More_layers_2+More_heads+Bigger_d,loss/train,40,0.05381995812058449
2A,2A_20260530_184854_More_layers_2+More_heads+Bigger_d,loss/train,41,0.04931307211518288
2A,2A_20260530_184854_More_layers_2+More_heads+Bigger_d,loss/train,42,0.04592471569776535
2A,2A_20260530_184854_More_layers_2+More_heads+Bigger_d,loss/train,43,0.04241650179028511
2A,2A_20260530_184854_More_layers_2+More_heads+Bigger_d,loss/train,44,0.03992537036538124
2A,2A_20260530_184854_More_layers_2+More_heads+Bigger_d,loss/train,45,0.03646668791770935
2A,2A_20260530_184854_More_layers_2+More_heads+Bigger_d,loss/train,46,0.03413232043385506
2A,2A_20260530_184854_More_layers_2+More_heads+Bigger_d,loss/train,47,0.03188497945666313
2A,2A_20260530_184854_More_layers_2+More_heads+Bigger_d,loss/train,48,0.029883479699492455
2A,2A_20260530_184854_More_layers_2+More_heads+Bigger_d,loss/train,49,0.02739756554365158
2A,2A_20260530_184854_More_layers_2+More_heads+Bigger_d,loss/train,50,0.02612924762070179
2A,2A_20260530_184854_More_layers_2+More_heads+Bigger_d,loss/train,51,0.024146709591150284
2A,2A_20260530_184854_More_layers_2+More_heads+Bigger_d,loss/train,52,0.022654740139842033
2A,2A_20260530_184854_More_layers_2+More_heads+Bigger_d,loss/train,53,0.021706121042370796
2A,2A_20260530_184854_More_layers_2+More_heads+Bigger_d,loss/train,54,0.02034880593419075
2A,2A_20260530_184854_More_layers_2+More_heads+Bigger_d,loss/train,55,0.018620751798152924
2A,2A_20260530_184854_More_layers_2+More_heads+Bigger_d,loss/train,56,0.01765400916337967
2A,2A_20260530_184854_More_layers_2+More_heads+Bigger_d,loss/train,57,0.016473880037665367
2A,2A_20260530_184854_More_layers_2+More_heads+Bigger_d,loss/train,58,0.015531922690570354
2A,2A_20260530_184854_More_layers_2+More_heads+Bigger_d,loss/train,59,0.015103141777217388
2A,2A_20260530_184854_More_layers_2+More_heads+Bigger_d,slot_f1/dev,0,0.0
2A,2A_20260530_184854_More_layers_2+More_heads+Bigger_d,slot_f1/dev,1,0.0
2A,2A_20260530_184854_More_layers_2+More_heads+Bigger_d,slot_f1/dev,2,0.3293492794036865
2A,2A_20260530_184854_More_layers_2+More_heads+Bigger_d,slot_f1/dev,3,0.3842739462852478
2A,2A_20260530_184854_More_layers_2+More_heads+Bigger_d,slot_f1/dev,4,0.4930429458618164
2A,2A_20260530_184854_More_layers_2+More_heads+Bigger_d,slot_f1/dev,5,0.5507075190544128
2A,2A_20260530_184854_More_layers_2+More_heads+Bigger_d,slot_f1/dev,6,0.6546196341514587
2A,2A_20260530_184854_More_layers_2+More_heads+Bigger_d,slot_f1/dev,7,0.7230130434036255
2A,2A_20260530_184854_More_layers_2+More_heads+Bigger_d,slot_f1/dev,8,0.7494103908538818
2A,2A_20260530_184854_More_layers_2+More_heads+Bigger_d,slot_f1/dev,9,0.7694103717803955
2A,2A_20260530_184854_More_layers_2+More_heads+Bigger_d,slot_f1/dev,10,0.7813138961791992
2A,2A_20260530_184854_More_layers_2+More_heads+Bigger_d,slot_f1/dev,11,0.801872968673706
2A,2A_20260530_184854_More_layers_2+More_heads+Bigger_d,slot_f1/dev,12,0.8062242865562439
2A,2A_20260530_184854_More_layers_2+More_heads+Bigger_d,slot_f1/dev,13,0.8120608925819397
2A,2A_20260530_184854_More_layers_2+More_heads+Bigger_d,slot_f1/dev,14,0.8267530798912048
2A,2A_20260530_184854_More_layers_2+More_heads+Bigger_d,slot_f1/dev,15,0.8317180871963501
2A,2A_20260530_184854_More_layers_2+More_heads+Bigger_d,slot_f1/dev,16,0.8344060778617859
2A,2A_20260530_184854_More_layers_2+More_heads+Bigger_d,slot_f1/dev,17,0.8437222838401794
2A,2A_20260530_184854_More_layers_2+More_heads+Bigger_d,slot_f1/dev,18,0.8439509272575378
2A,2A_20260530_184854_More_layers_2+More_heads+Bigger_d,slot_f1/dev,19,0.8496042490005493
2A,2A_20260530_184854_More_layers_2+More_heads+Bigger_d,slot_f1/dev,20,0.8497076034545898
2A,2A_20260530_184854_More_layers_2+More_heads+Bigger_d,slot_f1/dev,21,0.856138288974762
2A,2A_20260530_184854_More_layers_2+More_heads+Bigger_d,slot_f1/dev,22,0.8625036478042603
2A,2A_20260530_184854_More_layers_2+More_heads+Bigger_d,slot_f1/dev,23,0.86241215467453
2A,2A_20260530_184854_More_layers_2+More_heads+Bigger_d,slot_f1/dev,24,0.8647058606147766
2A,2A_20260530_184854_More_layers_2+More_heads+Bigger_d,slot_f1/dev,25,0.8660216927528381
2A,2A_20260530_184854_More_layers_2+More_heads+Bigger_d,slot_f1/dev,26,0.8722905516624451
2A,2A_20260530_184854_More_layers_2+More_heads+Bigger_d,slot_f1/dev,27,0.8702021837234497
2A,2A_20260530_184854_More_layers_2+More_heads+Bigger_d,slot_f1/dev,28,0.8755137920379639
2A,2A_20260530_184854_More_layers_2+More_heads+Bigger_d,slot_f1/dev,29,0.8660035133361816
2A,2A_20260530_184854_More_layers_2+More_heads+Bigger_d,slot_f1/dev,30,0.8595570921897888
2A,2A_20260530_184854_More_layers_2+More_heads+Bigger_d,slot_f1/dev,31,0.8816637396812439
2A,2A_20260530_184854_More_layers_2+More_heads+Bigger_d,slot_f1/dev,32,0.8909037709236145
2A,2A_20260530_184854_More_layers_2+More_heads+Bigger_d,slot_f1/dev,33,0.8927943706512451
2A,2A_20260530_184854_More_layers_2+More_heads+Bigger_d,slot_f1/dev,34,0.89552241563797
2A,2A_20260530_184854_More_layers_2+More_heads+Bigger_d,slot_f1/dev,35,0.9036038517951965
2A,2A_20260530_184854_More_layers_2+More_heads+Bigger_d,slot_f1/dev,36,0.9072225689888
2A,2A_20260530_184854_More_layers_2+More_heads+Bigger_d,slot_f1/dev,37,0.9137830138206482
2A,2A_20260530_184854_More_layers_2+More_heads+Bigger_d,slot_f1/dev,38,0.9112218022346497
2A,2A_20260530_184854_More_layers_2+More_heads+Bigger_d,slot_f1/dev,39,0.9133626818656921
2A,2A_20260530_184854_More_layers_2+More_heads+Bigger_d,slot_f1/dev,40,0.9196009635925293
2A,2A_20260530_184854_More_layers_2+More_heads+Bigger_d,slot_f1/dev,41,0.9205977320671082
2A,2A_20260530_184854_More_layers_2+More_heads+Bigger_d,slot_f1/dev,42,0.919109046459198
2A,2A_20260530_184854_More_layers_2+More_heads+Bigger_d,slot_f1/dev,43,0.9199178814888
2A,2A_20260530_184854_More_layers_2+More_heads+Bigger_d,slot_f1/dev,44,0.9201053380966187
2A,2A_20260530_184854_More_layers_2+More_heads+Bigger_d,slot_f1/dev,45,0.9224011898040771
2A,2A_20260530_184854_More_layers_2+More_heads+Bigger_d,slot_f1/dev,46,0.9232571721076965
2A,2A_20260530_184854_More_layers_2+More_heads+Bigger_d,slot_f1/dev,47,0.9177159667015076
2A,2A_20260530_184854_More_layers_2+More_heads+Bigger_d,slot_f1/dev,48,0.9223557114601135
2A,2A_20260530_184854_More_layers_2+More_heads+Bigger_d,slot_f1/dev,49,0.921631932258606
2A,2A_20260530_184854_More_layers_2+More_heads+Bigger_d,slot_f1/dev,50,0.9176194667816162
2A,2A_20260530_184854_More_layers_2+More_heads+Bigger_d,slot_f1/dev,51,0.9242067933082581
2A,2A_20260530_184854_More_layers_2+More_heads+Bigger_d,slot_f1/dev,52,0.9226260185241699
2A,2A_20260530_184854_More_layers_2+More_heads+Bigger_d,slot_f1/dev,53,0.919236421585083
2A,2A_20260530_184854_More_layers_2+More_heads+Bigger_d,slot_f1/dev,54,0.9261430501937866
2A,2A_20260530_184854_More_layers_2+More_heads+Bigger_d,slot_f1/dev,55,0.9260563254356384
2A,2A_20260530_184854_More_layers_2+More_heads+Bigger_d,slot_f1/dev,56,0.9249266982078552
2A,2A_20260530_184854_More_layers_2+More_heads+Bigger_d,slot_f1/dev,57,0.9241136908531189
2A,2A_20260530_184854_More_layers_2+More_heads+Bigger_d,slot_f1/dev,58,0.9239800572395325
2A,2A_20260530_184854_More_layers_2+More_heads+Bigger_d,slot_f1/dev,59,0.9252856969833374
2A,2A_20260530_184854_More_layers_2+More_heads+Bigger_d,intent_acc/dev,0,0.736947774887085
2A,2A_20260530_184854_More_layers_2+More_heads+Bigger_d,intent_acc/dev,1,0.736947774887085
2A,2A_20260530_184854_More_layers_2+More_heads+Bigger_d,intent_acc/dev,2,0.7670682668685913
2A,2A_20260530_184854_More_layers_2+More_heads+Bigger_d,intent_acc/dev,3,0.7570281028747559
2A,2A_20260530_184854_More_layers_2+More_heads+Bigger_d,intent_acc/dev,4,0.7831325531005859
2A,2A_20260530_184854_More_layers_2+More_heads+Bigger_d,intent_acc/dev,5,0.8313252925872803
2A,2A_20260530_184854_More_layers_2+More_heads+Bigger_d,intent_acc/dev,6,0.8815261125564575
2A,2A_20260530_184854_More_layers_2+More_heads+Bigger_d,intent_acc/dev,7,0.8835341334342957
2A,2A_20260530_184854_More_layers_2+More_heads+Bigger_d,intent_acc/dev,8,0.9016064405441284
2A,2A_20260530_184854_More_layers_2+More_heads+Bigger_d,intent_acc/dev,9,0.9036144614219666
2A,2A_20260530_184854_More_layers_2+More_heads+Bigger_d,intent_acc/dev,10,0.9156626462936401
2A,2A_20260530_184854_More_layers_2+More_heads+Bigger_d,intent_acc/dev,11,0.9397590160369873
2A,2A_20260530_184854_More_layers_2+More_heads+Bigger_d,intent_acc/dev,12,0.913654625415802
2A,2A_20260530_184854_More_layers_2+More_heads+Bigger_d,intent_acc/dev,13,0.9477911591529846
2A,2A_20260530_184854_More_layers_2+More_heads+Bigger_d,intent_acc/dev,14,0.9457831382751465
2A,2A_20260530_184854_More_layers_2+More_heads+Bigger_d,intent_acc/dev,15,0.9457831382751465
2A,2A_20260530_184854_More_layers_2+More_heads+Bigger_d,intent_acc/dev,16,0.9457831382751465
2A,2A_20260530_184854_More_layers_2+More_heads+Bigger_d,intent_acc/dev,17,0.935742974281311
2A,2A_20260530_184854_More_layers_2+More_heads+Bigger_d,intent_acc/dev,18,0.9538152813911438
2A,2A_20260530_184854_More_layers_2+More_heads+Bigger_d,intent_acc/dev,19,0.9538152813911438
2A,2A_20260530_184854_More_layers_2+More_heads+Bigger_d,intent_acc/dev,20,0.9497991800308228
2A,2A_20260530_184854_More_layers_2+More_heads+Bigger_d,intent_acc/dev,21,0.9638554453849792
2A,2A_20260530_184854_More_layers_2+More_heads+Bigger_d,intent_acc/dev,22,0.9538152813911438
2A,2A_20260530_184854_More_layers_2+More_heads+Bigger_d,intent_acc/dev,23,0.9598393440246582
2A,2A_20260530_184854_More_layers_2+More_heads+Bigger_d,intent_acc/dev,24,0.9598393440246582
2A,2A_20260530_184854_More_layers_2+More_heads+Bigger_d,intent_acc/dev,25,0.9598393440246582
2A,2A_20260530_184854_More_layers_2+More_heads+Bigger_d,intent_acc/dev,26,0.9618473649024963
2A,2A_20260530_184854_More_layers_2+More_heads+Bigger_d,intent_acc/dev,27,0.9678714871406555
2A,2A_20260530_184854_More_layers_2+More_heads+Bigger_d,intent_acc/dev,28,0.9618473649024963
2A,2A_20260530_184854_More_layers_2+More_heads+Bigger_d,intent_acc/dev,29,0.9497991800308228
2A,2A_20260530_184854_More_layers_2+More_heads+Bigger_d,intent_acc/dev,30,0.9558233022689819
2A,2A_20260530_184854_More_layers_2+More_heads+Bigger_d,intent_acc/dev,31,0.9678714871406555
2A,2A_20260530_184854_More_layers_2+More_heads+Bigger_d,intent_acc/dev,32,0.9698795080184937
2A,2A_20260530_184854_More_layers_2+More_heads+Bigger_d,intent_acc/dev,33,0.9658634662628174
2A,2A_20260530_184854_More_layers_2+More_heads+Bigger_d,intent_acc/dev,34,0.9698795080184937
2A,2A_20260530_184854_More_layers_2+More_heads+Bigger_d,intent_acc/dev,35,0.9678714871406555
2A,2A_20260530_184854_More_layers_2+More_heads+Bigger_d,intent_acc/dev,36,0.9698795080184937
2A,2A_20260530_184854_More_layers_2+More_heads+Bigger_d,intent_acc/dev,37,0.9658634662628174
2A,2A_20260530_184854_More_layers_2+More_heads+Bigger_d,intent_acc/dev,38,0.9698795080184937
2A,2A_20260530_184854_More_layers_2+More_heads+Bigger_d,intent_acc/dev,39,0.9658634662628174
2A,2A_20260530_184854_More_layers_2+More_heads+Bigger_d,intent_acc/dev,40,0.9698795080184937
2A,2A_20260530_184854_More_layers_2+More_heads+Bigger_d,intent_acc/dev,41,0.9678714871406555
2A,2A_20260530_184854_More_layers_2+More_heads+Bigger_d,intent_acc/dev,42,0.9678714871406555
2A,2A_20260530_184854_More_layers_2+More_heads+Bigger_d,intent_acc/dev,43,0.9658634662628174
2A,2A_20260530_184854_More_layers_2+More_heads+Bigger_d,intent_acc/dev,44,0.9658634662628174
2A,2A_20260530_184854_More_layers_2+More_heads+Bigger_d,intent_acc/dev,45,0.9658634662628174
2A,2A_20260530_184854_More_layers_2+More_heads+Bigger_d,intent_acc/dev,46,0.9638554453849792
2A,2A_20260530_184854_More_layers_2+More_heads+Bigger_d,intent_acc/dev,47,0.9638554453849792
2A,2A_20260530_184854_More_layers_2+More_heads+Bigger_d,intent_acc/dev,48,0.9658634662628174
2A,2A_20260530_184854_More_layers_2+More_heads+Bigger_d,intent_acc/dev,49,0.9658634662628174
2A,2A_20260530_184854_More_layers_2+More_heads+Bigger_d,intent_acc/dev,50,0.9658634662628174
2A,2A_20260530_184854_More_layers_2+More_heads+Bigger_d,intent_acc/dev,51,0.9658634662628174
2A,2A_20260530_184854_More_layers_2+More_heads+Bigger_d,intent_acc/dev,52,0.9658634662628174
2A,2A_20260530_184854_More_layers_2+More_heads+Bigger_d,intent_acc/dev,53,0.9658634662628174
2A,2A_20260530_184854_More_layers_2+More_heads+Bigger_d,intent_acc/dev,54,0.9638554453849792
2A,2A_20260530_184854_More_layers_2+More_heads+Bigger_d,intent_acc/dev,55,0.9618473649024963
2A,2A_20260530_184854_More_layers_2+More_heads+Bigger_d,intent_acc/dev,56,0.9618473649024963
2A,2A_20260530_184854_More_layers_2+More_heads+Bigger_d,intent_acc/dev,57,0.9658634662628174
2A,2A_20260530_184854_More_layers_2+More_heads+Bigger_d,intent_acc/dev,58,0.9618473649024963
2A,2A_20260530_184854_More_layers_2+More_heads+Bigger_d,intent_acc/dev,59,0.9598393440246582
2A,2A_20260602_160403_Dropout0.1_+_More_layers_2+More_heads+Bigger_d,slot_f1/test,0,0.0
2A,2A_20260602_160403_Dropout0.1_+_More_layers_2+More_heads+Bigger_d,slot_f1/test,5,0.47738420963287354
2A,2A_20260602_160403_Dropout0.1_+_More_layers_2+More_heads+Bigger_d,slot_f1/test,10,0.7431111335754395
2A,2A_20260602_160403_Dropout0.1_+_More_layers_2+More_heads+Bigger_d,slot_f1/test,15,0.782024085521698
2A,2A_20260602_160403_Dropout0.1_+_More_layers_2+More_heads+Bigger_d,slot_f1/test,20,0.8071101903915405
2A,2A_20260602_160403_Dropout0.1_+_More_layers_2+More_heads+Bigger_d,slot_f1/test,25,0.8350369930267334
2A,2A_20260602_160403_Dropout0.1_+_More_layers_2+More_heads+Bigger_d,slot_f1/test,30,0.8541263341903687
2A,2A_20260602_160403_Dropout0.1_+_More_layers_2+More_heads+Bigger_d,slot_f1/test,35,0.8621721267700195
2A,2A_20260602_160403_Dropout0.1_+_More_layers_2+More_heads+Bigger_d,slot_f1/test,40,0.8726762533187866
2A,2A_20260602_160403_Dropout0.1_+_More_layers_2+More_heads+Bigger_d,slot_f1/test,45,0.88022381067276
2A,2A_20260602_160403_Dropout0.1_+_More_layers_2+More_heads+Bigger_d,slot_f1/test,50,0.8835664391517639
2A,2A_20260602_160403_Dropout0.1_+_More_layers_2+More_heads+Bigger_d,slot_f1/test,55,0.8835580348968506
2A,2A_20260602_160403_Dropout0.1_+_More_layers_2+More_heads+Bigger_d,slot_f1/test,60,0.8865870833396912
2A,2A_20260602_160403_Dropout0.1_+_More_layers_2+More_heads+Bigger_d,slot_f1/test,65,0.8838268518447876
2A,2A_20260602_160403_Dropout0.1_+_More_layers_2+More_heads+Bigger_d,slot_f1/test,100,0.8867427706718445
2A,2A_20260602_160403_Dropout0.1_+_More_layers_2+More_heads+Bigger_d,intent_acc/test,0,0.707726776599884
2A,2A_20260602_160403_Dropout0.1_+_More_layers_2+More_heads+Bigger_d,intent_acc/test,5,0.7424412369728088
2A,2A_20260602_160403_Dropout0.1_+_More_layers_2+More_heads+Bigger_d,intent_acc/test,10,0.7659574747085571
2A,2A_20260602_160403_Dropout0.1_+_More_layers_2+More_heads+Bigger_d,intent_acc/test,15,0.8633818626403809
2A,2A_20260602_160403_Dropout0.1_+_More_layers_2+More_heads+Bigger_d,intent_acc/test,20,0.871220588684082
2A,2A_20260602_160403_Dropout0.1_+_More_layers_2+More_heads+Bigger_d,intent_acc/test,25,0.8756998777389526
2A,2A_20260602_160403_Dropout0.1_+_More_layers_2+More_heads+Bigger_d,intent_acc/test,30,0.8992161154747009
2A,2A_20260602_160403_Dropout0.1_+_More_layers_2+More_heads+Bigger_d,intent_acc/test,35,0.8969764709472656
2A,2A_20260602_160403_Dropout0.1_+_More_layers_2+More_heads+Bigger_d,intent_acc/test,40,0.8980963230133057
2A,2A_20260602_160403_Dropout0.1_+_More_layers_2+More_heads+Bigger_d,intent_acc/test,45,0.9126539826393127
2A,2A_20260602_160403_Dropout0.1_+_More_layers_2+More_heads+Bigger_d,intent_acc/test,50,0.9171332716941833
2A,2A_20260602_160403_Dropout0.1_+_More_layers_2+More_heads+Bigger_d,intent_acc/test,55,0.9238522052764893
2A,2A_20260602_160403_Dropout0.1_+_More_layers_2+More_heads+Bigger_d,intent_acc/test,60,0.9238522052764893
2A,2A_20260602_160403_Dropout0.1_+_More_layers_2+More_heads+Bigger_d,intent_acc/test,65,0.9227323532104492
2A,2A_20260602_160403_Dropout0.1_+_More_layers_2+More_heads+Bigger_d,intent_acc/test,100,0.9238522052764893
2A,2A_20260602_160403_Dropout0.1_+_More_layers_2+More_heads+Bigger_d,loss/train,0,6.014843940734863
2A,2A_20260602_160403_Dropout0.1_+_More_layers_2+More_heads+Bigger_d,loss/train,1,2.9583702087402344
2A,2A_20260602_160403_Dropout0.1_+_More_layers_2+More_heads+Bigger_d,loss/train,2,2.59208607673645
2A,2A_20260602_160403_Dropout0.1_+_More_layers_2+More_heads+Bigger_d,loss/train,3,2.197298288345337
2A,2A_20260602_160403_Dropout0.1_+_More_layers_2+More_heads+Bigger_d,loss/train,4,1.8924634456634521
2A,2A_20260602_160403_Dropout0.1_+_More_layers_2+More_heads+Bigger_d,loss/train,5,1.70493745803833
2A,2A_20260602_160403_Dropout0.1_+_More_layers_2+More_heads+Bigger_d,loss/train,6,1.5793792009353638
2A,2A_20260602_160403_Dropout0.1_+_More_layers_2+More_heads+Bigger_d,loss/train,7,1.473351001739502
2A,2A_20260602_160403_Dropout0.1_+_More_layers_2+More_heads+Bigger_d,loss/train,8,1.3560223579406738
2A,2A_20260602_160403_Dropout0.1_+_More_layers_2+More_heads+Bigger_d,loss/train,9,1.253204107284546
2A,2A_20260602_160403_Dropout0.1_+_More_layers_2+More_heads+Bigger_d,loss/train,10,1.1451343297958374
2A,2A_20260602_160403_Dropout0.1_+_More_layers_2+More_heads+Bigger_d,loss/train,11,0.9869402647018433
2A,2A_20260602_160403_Dropout0.1_+_More_layers_2+More_heads+Bigger_d,loss/train,12,0.8477447628974915
2A,2A_20260602_160403_Dropout0.1_+_More_layers_2+More_heads+Bigger_d,loss/train,13,0.7554089426994324
2A,2A_20260602_160403_Dropout0.1_+_More_layers_2+More_heads+Bigger_d,loss/train,14,0.6756170392036438
2A,2A_20260602_160403_Dropout0.1_+_More_layers_2+More_heads+Bigger_d,loss/train,15,0.6051942110061646
2A,2A_20260602_160403_Dropout0.1_+_More_layers_2+More_heads+Bigger_d,loss/train,16,0.5578248500823975
2A,2A_20260602_160403_Dropout0.1_+_More_layers_2+More_heads+Bigger_d,loss/train,17,0.5121334791183472
2A,2A_20260602_160403_Dropout0.1_+_More_layers_2+More_heads+Bigger_d,loss/train,18,0.48338988423347473
2A,2A_20260602_160403_Dropout0.1_+_More_layers_2+More_heads+Bigger_d,loss/train,19,0.44289904832839966
2A,2A_20260602_160403_Dropout0.1_+_More_layers_2+More_heads+Bigger_d,loss/train,20,0.40989944338798523
2A,2A_20260602_160403_Dropout0.1_+_More_layers_2+More_heads+Bigger_d,loss/train,21,0.38588643074035645
2A,2A_20260602_160403_Dropout0.1_+_More_layers_2+More_heads+Bigger_d,loss/train,22,0.3633232116699219
2A,2A_20260602_160403_Dropout0.1_+_More_layers_2+More_heads+Bigger_d,loss/train,23,0.3384174704551697
2A,2A_20260602_160403_Dropout0.1_+_More_layers_2+More_heads+Bigger_d,loss/train,24,0.3160339295864105
2A,2A_20260602_160403_Dropout0.1_+_More_layers_2+More_heads+Bigger_d,loss/train,25,0.29672378301620483
2A,2A_20260602_160403_Dropout0.1_+_More_layers_2+More_heads+Bigger_d,loss/train,26,0.2768086791038513
2A,2A_20260602_160403_Dropout0.1_+_More_layers_2+More_heads+Bigger_d,loss/train,27,0.2597600817680359
2A,2A_20260602_160403_Dropout0.1_+_More_layers_2+More_heads+Bigger_d,loss/train,28,0.24573449790477753
2A,2A_20260602_160403_Dropout0.1_+_More_layers_2+More_heads+Bigger_d,loss/train,29,0.23479622602462769
2A,2A_20260602_160403_Dropout0.1_+_More_layers_2+More_heads+Bigger_d,loss/train,30,0.22517146170139313
2A,2A_20260602_160403_Dropout0.1_+_More_layers_2+More_heads+Bigger_d,loss/train,31,0.20934170484542847
2A,2A_20260602_160403_Dropout0.1_+_More_layers_2+More_heads+Bigger_d,loss/train,32,0.19754080474376678
2A,2A_20260602_160403_Dropout0.1_+_More_layers_2+More_heads+Bigger_d,loss/train,33,0.18767622113227844
2A,2A_20260602_160403_Dropout0.1_+_More_layers_2+More_heads+Bigger_d,loss/train,34,0.1812938153743744
2A,2A_20260602_160403_Dropout0.1_+_More_layers_2+More_heads+Bigger_d,loss/train,35,0.1762118637561798
2A,2A_20260602_160403_Dropout0.1_+_More_layers_2+More_heads+Bigger_d,loss/train,36,0.16680662333965302
2A,2A_20260602_160403_Dropout0.1_+_More_layers_2+More_heads+Bigger_d,loss/train,37,0.15647557377815247
2A,2A_20260602_160403_Dropout0.1_+_More_layers_2+More_heads+Bigger_d,loss/train,38,0.1466580182313919
2A,2A_20260602_160403_Dropout0.1_+_More_layers_2+More_heads+Bigger_d,loss/train,39,0.14260120689868927
2A,2A_20260602_160403_Dropout0.1_+_More_layers_2+More_heads+Bigger_d,loss/train,40,0.1402922123670578
2A,2A_20260602_160403_Dropout0.1_+_More_layers_2+More_heads+Bigger_d,loss/train,41,0.13093888759613037
2A,2A_20260602_160403_Dropout0.1_+_More_layers_2+More_heads+Bigger_d,loss/train,42,0.1212831437587738
2A,2A_20260602_160403_Dropout0.1_+_More_layers_2+More_heads+Bigger_d,loss/train,43,0.11688637733459473
2A,2A_20260602_160403_Dropout0.1_+_More_layers_2+More_heads+Bigger_d,loss/train,44,0.11184075474739075
2A,2A_20260602_160403_Dropout0.1_+_More_layers_2+More_heads+Bigger_d,loss/train,45,0.10395755618810654
2A,2A_20260602_160403_Dropout0.1_+_More_layers_2+More_heads+Bigger_d,loss/train,46,0.10193526744842529
2A,2A_20260602_160403_Dropout0.1_+_More_layers_2+More_heads+Bigger_d,loss/train,47,0.09558185189962387
2A,2A_20260602_160403_Dropout0.1_+_More_layers_2+More_heads+Bigger_d,loss/train,48,0.09408218413591385
2A,2A_20260602_160403_Dropout0.1_+_More_layers_2+More_heads+Bigger_d,loss/train,49,0.08887087553739548
2A,2A_20260602_160403_Dropout0.1_+_More_layers_2+More_heads+Bigger_d,loss/train,50,0.08582816272974014
2A,2A_20260602_160403_Dropout0.1_+_More_layers_2+More_heads+Bigger_d,loss/train,51,0.08195963501930237
2A,2A_20260602_160403_Dropout0.1_+_More_layers_2+More_heads+Bigger_d,loss/train,52,0.0873461365699768
2A,2A_20260602_160403_Dropout0.1_+_More_layers_2+More_heads+Bigger_d,loss/train,53,0.08114602416753769
2A,2A_20260602_160403_Dropout0.1_+_More_layers_2+More_heads+Bigger_d,loss/train,54,0.08384522795677185
2A,2A_20260602_160403_Dropout0.1_+_More_layers_2+More_heads+Bigger_d,loss/train,55,0.08922907710075378
2A,2A_20260602_160403_Dropout0.1_+_More_layers_2+More_heads+Bigger_d,loss/train,56,0.0836789608001709
2A,2A_20260602_160403_Dropout0.1_+_More_layers_2+More_heads+Bigger_d,loss/train,57,0.07257631421089172
2A,2A_20260602_160403_Dropout0.1_+_More_layers_2+More_heads+Bigger_d,loss/train,58,0.06906609982252121
2A,2A_20260602_160403_Dropout0.1_+_More_layers_2+More_heads+Bigger_d,loss/train,59,0.06400246918201447
2A,2A_20260602_160403_Dropout0.1_+_More_layers_2+More_heads+Bigger_d,loss/train,60,0.06153475493192673
2A,2A_20260602_160403_Dropout0.1_+_More_layers_2+More_heads+Bigger_d,loss/train,61,0.058213625103235245
2A,2A_20260602_160403_Dropout0.1_+_More_layers_2+More_heads+Bigger_d,loss/train,62,0.05631038919091225
2A,2A_20260602_160403_Dropout0.1_+_More_layers_2+More_heads+Bigger_d,loss/train,63,0.05335239693522453
2A,2A_20260602_160403_Dropout0.1_+_More_layers_2+More_heads+Bigger_d,loss/train,64,0.05266304314136505
2A,2A_20260602_160403_Dropout0.1_+_More_layers_2+More_heads+Bigger_d,loss/train,65,0.05108220502734184
2A,2A_20260602_160403_Dropout0.1_+_More_layers_2+More_heads+Bigger_d,loss/train,66,0.05023084953427315
2A,2A_20260602_160403_Dropout0.1_+_More_layers_2+More_heads+Bigger_d,loss/train,67,0.048673998564481735
2A,2A_20260602_160403_Dropout0.1_+_More_layers_2+More_heads+Bigger_d,loss/train,68,0.04665413871407509
2A,2A_20260602_160403_Dropout0.1_+_More_layers_2+More_heads+Bigger_d,loss/train,69,0.04670840874314308
2A,2A_20260602_160403_Dropout0.1_+_More_layers_2+More_heads+Bigger_d,slot_f1/dev,0,0.0
2A,2A_20260602_160403_Dropout0.1_+_More_layers_2+More_heads+Bigger_d,slot_f1/dev,1,0.0011771629797294736
2A,2A_20260602_160403_Dropout0.1_+_More_layers_2+More_heads+Bigger_d,slot_f1/dev,2,0.21037998795509338
2A,2A_20260602_160403_Dropout0.1_+_More_layers_2+More_heads+Bigger_d,slot_f1/dev,3,0.38930264115333557
2A,2A_20260602_160403_Dropout0.1_+_More_layers_2+More_heads+Bigger_d,slot_f1/dev,4,0.4868961274623871
2A,2A_20260602_160403_Dropout0.1_+_More_layers_2+More_heads+Bigger_d,slot_f1/dev,5,0.5370705127716064
2A,2A_20260602_160403_Dropout0.1_+_More_layers_2+More_heads+Bigger_d,slot_f1/dev,6,0.57936030626297
2A,2A_20260602_160403_Dropout0.1_+_More_layers_2+More_heads+Bigger_d,slot_f1/dev,7,0.6397643685340881
2A,2A_20260602_160403_Dropout0.1_+_More_layers_2+More_heads+Bigger_d,slot_f1/dev,8,0.7276981472969055
2A,2A_20260602_160403_Dropout0.1_+_More_layers_2+More_heads+Bigger_d,slot_f1/dev,9,0.7548961639404297
2A,2A_20260602_160403_Dropout0.1_+_More_layers_2+More_heads+Bigger_d,slot_f1/dev,10,0.7598125338554382
2A,2A_20260602_160403_Dropout0.1_+_More_layers_2+More_heads+Bigger_d,slot_f1/dev,11,0.7732232213020325
2A,2A_20260602_160403_Dropout0.1_+_More_layers_2+More_heads+Bigger_d,slot_f1/dev,12,0.7894582748413086
2A,2A_20260602_160403_Dropout0.1_+_More_layers_2+More_heads+Bigger_d,slot_f1/dev,13,0.7983635067939758
2A,2A_20260602_160403_Dropout0.1_+_More_layers_2+More_heads+Bigger_d,slot_f1/dev,14,0.8141176700592041
2A,2A_20260602_160403_Dropout0.1_+_More_layers_2+More_heads+Bigger_d,slot_f1/dev,15,0.8173810839653015
2A,2A_20260602_160403_Dropout0.1_+_More_layers_2+More_heads+Bigger_d,slot_f1/dev,16,0.8232190012931824
2A,2A_20260602_160403_Dropout0.1_+_More_layers_2+More_heads+Bigger_d,slot_f1/dev,17,0.8229106068611145
2A,2A_20260602_160403_Dropout0.1_+_More_layers_2+More_heads+Bigger_d,slot_f1/dev,18,0.8340701460838318
2A,2A_20260602_160403_Dropout0.1_+_More_layers_2+More_heads+Bigger_d,slot_f1/dev,19,0.8420118093490601
2A,2A_20260602_160403_Dropout0.1_+_More_layers_2+More_heads+Bigger_d,slot_f1/dev,20,0.8430283665657043
2A,2A_20260602_160403_Dropout0.1_+_More_layers_2+More_heads+Bigger_d,slot_f1/dev,21,0.8521332740783691
2A,2A_20260602_160403_Dropout0.1_+_More_layers_2+More_heads+Bigger_d,slot_f1/dev,22,0.8553864359855652
2A,2A_20260602_160403_Dropout0.1_+_More_layers_2+More_heads+Bigger_d,slot_f1/dev,23,0.8591549396514893
2A,2A_20260602_160403_Dropout0.1_+_More_layers_2+More_heads+Bigger_d,slot_f1/dev,24,0.8615744709968567
2A,2A_20260602_160403_Dropout0.1_+_More_layers_2+More_heads+Bigger_d,slot_f1/dev,25,0.871147632598877
2A,2A_20260602_160403_Dropout0.1_+_More_layers_2+More_heads+Bigger_d,slot_f1/dev,26,0.8725345730781555
2A,2A_20260602_160403_Dropout0.1_+_More_layers_2+More_heads+Bigger_d,slot_f1/dev,27,0.8807985782623291
2A,2A_20260602_160403_Dropout0.1_+_More_layers_2+More_heads+Bigger_d,slot_f1/dev,28,0.8838028311729431
2A,2A_20260602_160403_Dropout0.1_+_More_layers_2+More_heads+Bigger_d,slot_f1/dev,29,0.8847278952598572
2A,2A_20260602_160403_Dropout0.1_+_More_layers_2+More_heads+Bigger_d,slot_f1/dev,30,0.8942420482635498
2A,2A_20260602_160403_Dropout0.1_+_More_layers_2+More_heads+Bigger_d,slot_f1/dev,31,0.8935049772262573
2A,2A_20260602_160403_Dropout0.1_+_More_layers_2+More_heads+Bigger_d,slot_f1/dev,32,0.8908399343490601
2A,2A_20260602_160403_Dropout0.1_+_More_layers_2+More_heads+Bigger_d,slot_f1/dev,33,0.8944281339645386
2A,2A_20260602_160403_Dropout0.1_+_More_layers_2+More_heads+Bigger_d,slot_f1/dev,34,0.9009061455726624
2A,2A_20260602_160403_Dropout0.1_+_More_layers_2+More_heads+Bigger_d,slot_f1/dev,35,0.9022379517555237
2A,2A_20260602_160403_Dropout0.1_+_More_layers_2+More_heads+Bigger_d,slot_f1/dev,36,0.902618408203125
2A,2A_20260602_160403_Dropout0.1_+_More_layers_2+More_heads+Bigger_d,slot_f1/dev,37,0.9058823585510254
2A,2A_20260602_160403_Dropout0.1_+_More_layers_2+More_heads+Bigger_d,slot_f1/dev,38,0.9079718589782715
2A,2A_20260602_160403_Dropout0.1_+_More_layers_2+More_heads+Bigger_d,slot_f1/dev,39,0.9070653915405273
2A,2A_20260602_160403_Dropout0.1_+_More_layers_2+More_heads+Bigger_d,slot_f1/dev,40,0.915613055229187
2A,2A_20260602_160403_Dropout0.1_+_More_layers_2+More_heads+Bigger_d,slot_f1/dev,41,0.9160305261611938
2A,2A_20260602_160403_Dropout0.1_+_More_layers_2+More_heads+Bigger_d,slot_f1/dev,42,0.9134135842323303
2A,2A_20260602_160403_Dropout0.1_+_More_layers_2+More_heads+Bigger_d,slot_f1/dev,43,0.9147377610206604
2A,2A_20260602_160403_Dropout0.1_+_More_layers_2+More_heads+Bigger_d,slot_f1/dev,44,0.9198237657546997
2A,2A_20260602_160403_Dropout0.1_+_More_layers_2+More_heads+Bigger_d,slot_f1/dev,45,0.9205045700073242
2A,2A_20260602_160403_Dropout0.1_+_More_layers_2+More_heads+Bigger_d,slot_f1/dev,46,0.9196951985359192
2A,2A_20260602_160403_Dropout0.1_+_More_layers_2+More_heads+Bigger_d,slot_f1/dev,47,0.9225806593894958
2A,2A_20260602_160403_Dropout0.1_+_More_layers_2+More_heads+Bigger_d,slot_f1/dev,48,0.9243004322052002
2A,2A_20260602_160403_Dropout0.1_+_More_layers_2+More_heads+Bigger_d,slot_f1/dev,49,0.9272030591964722
2A,2A_20260602_160403_Dropout0.1_+_More_layers_2+More_heads+Bigger_d,slot_f1/dev,50,0.9239354133605957
2A,2A_20260602_160403_Dropout0.1_+_More_layers_2+More_heads+Bigger_d,slot_f1/dev,51,0.9274336099624634
2A,2A_20260602_160403_Dropout0.1_+_More_layers_2+More_heads+Bigger_d,slot_f1/dev,52,0.9280660152435303
2A,2A_20260602_160403_Dropout0.1_+_More_layers_2+More_heads+Bigger_d,slot_f1/dev,53,0.9257950782775879
2A,2A_20260602_160403_Dropout0.1_+_More_layers_2+More_heads+Bigger_d,slot_f1/dev,54,0.9283397197723389
2A,2A_20260602_160403_Dropout0.1_+_More_layers_2+More_heads+Bigger_d,slot_f1/dev,55,0.9306290149688721
2A,2A_20260602_160403_Dropout0.1_+_More_layers_2+More_heads+Bigger_d,slot_f1/dev,56,0.9310243725776672
2A,2A_20260602_160403_Dropout0.1_+_More_layers_2+More_heads+Bigger_d,slot_f1/dev,57,0.9330199956893921
2A,2A_20260602_160403_Dropout0.1_+_More_layers_2+More_heads+Bigger_d,slot_f1/dev,58,0.9276044964790344
2A,2A_20260602_160403_Dropout0.1_+_More_layers_2+More_heads+Bigger_d,slot_f1/dev,59,0.9282352924346924
2A,2A_20260602_160403_Dropout0.1_+_More_layers_2+More_heads+Bigger_d,slot_f1/dev,60,0.9267000555992126
2A,2A_20260602_160403_Dropout0.1_+_More_layers_2+More_heads+Bigger_d,slot_f1/dev,61,0.933920681476593
2A,2A_20260602_160403_Dropout0.1_+_More_layers_2+More_heads+Bigger_d,slot_f1/dev,62,0.9314100742340088
2A,2A_20260602_160403_Dropout0.1_+_More_layers_2+More_heads+Bigger_d,slot_f1/dev,63,0.9326668381690979
2A,2A_20260602_160403_Dropout0.1_+_More_layers_2+More_heads+Bigger_d,slot_f1/dev,64,0.9350191354751587
2A,2A_20260602_160403_Dropout0.1_+_More_layers_2+More_heads+Bigger_d,slot_f1/dev,65,0.9332156777381897
2A,2A_20260602_160403_Dropout0.1_+_More_layers_2+More_heads+Bigger_d,slot_f1/dev,66,0.9333724975585938
2A,2A_20260602_160403_Dropout0.1_+_More_layers_2+More_heads+Bigger_d,slot_f1/dev,67,0.9296851754188538
2A,2A_20260602_160403_Dropout0.1_+_More_layers_2+More_heads+Bigger_d,slot_f1/dev,68,0.9332156777381897
2A,2A_20260602_160403_Dropout0.1_+_More_layers_2+More_heads+Bigger_d,slot_f1/dev,69,0.9330986142158508
2A,2A_20260602_160403_Dropout0.1_+_More_layers_2+More_heads+Bigger_d,intent_acc/dev,0,0.736947774887085
2A,2A_20260602_160403_Dropout0.1_+_More_layers_2+More_heads+Bigger_d,intent_acc/dev,1,0.736947774887085
2A,2A_20260602_160403_Dropout0.1_+_More_layers_2+More_heads+Bigger_d,intent_acc/dev,2,0.759036123752594
2A,2A_20260602_160403_Dropout0.1_+_More_layers_2+More_heads+Bigger_d,intent_acc/dev,3,0.7510040402412415
2A,2A_20260602_160403_Dropout0.1_+_More_layers_2+More_heads+Bigger_d,intent_acc/dev,4,0.7570281028747559
2A,2A_20260602_160403_Dropout0.1_+_More_layers_2+More_heads+Bigger_d,intent_acc/dev,5,0.7510040402412415
2A,2A_20260602_160403_Dropout0.1_+_More_layers_2+More_heads+Bigger_d,intent_acc/dev,6,0.7610442042350769
2A,2A_20260602_160403_Dropout0.1_+_More_layers_2+More_heads+Bigger_d,intent_acc/dev,7,0.7610442042350769
2A,2A_20260602_160403_Dropout0.1_+_More_layers_2+More_heads+Bigger_d,intent_acc/dev,8,0.7710843086242676
2A,2A_20260602_160403_Dropout0.1_+_More_layers_2+More_heads+Bigger_d,intent_acc/dev,9,0.7751004099845886
2A,2A_20260602_160403_Dropout0.1_+_More_layers_2+More_heads+Bigger_d,intent_acc/dev,10,0.805220901966095
2A,2A_20260602_160403_Dropout0.1_+_More_layers_2+More_heads+Bigger_d,intent_acc/dev,11,0.8413654565811157
2A,2A_20260602_160403_Dropout0.1_+_More_layers_2+More_heads+Bigger_d,intent_acc/dev,12,0.8694779276847839
2A,2A_20260602_160403_Dropout0.1_+_More_layers_2+More_heads+Bigger_d,intent_acc/dev,13,0.8815261125564575
2A,2A_20260602_160403_Dropout0.1_+_More_layers_2+More_heads+Bigger_d,intent_acc/dev,14,0.9016064405441284
2A,2A_20260602_160403_Dropout0.1_+_More_layers_2+More_heads+Bigger_d,intent_acc/dev,15,0.9016064405441284
2A,2A_20260602_160403_Dropout0.1_+_More_layers_2+More_heads+Bigger_d,intent_acc/dev,16,0.9116466045379639
2A,2A_20260602_160403_Dropout0.1_+_More_layers_2+More_heads+Bigger_d,intent_acc/dev,17,0.9236947894096375
2A,2A_20260602_160403_Dropout0.1_+_More_layers_2+More_heads+Bigger_d,intent_acc/dev,18,0.9176706671714783
2A,2A_20260602_160403_Dropout0.1_+_More_layers_2+More_heads+Bigger_d,intent_acc/dev,19,0.9116466045379639
2A,2A_20260602_160403_Dropout0.1_+_More_layers_2+More_heads+Bigger_d,intent_acc/dev,20,0.9337349534034729
2A,2A_20260602_160403_Dropout0.1_+_More_layers_2+More_heads+Bigger_d,intent_acc/dev,21,0.9216867685317993
2A,2A_20260602_160403_Dropout0.1_+_More_layers_2+More_heads+Bigger_d,intent_acc/dev,22,0.935742974281311
2A,2A_20260602_160403_Dropout0.1_+_More_layers_2+More_heads+Bigger_d,intent_acc/dev,23,0.935742974281311
2A,2A_20260602_160403_Dropout0.1_+_More_layers_2+More_heads+Bigger_d,intent_acc/dev,24,0.9417670965194702
2A,2A_20260602_160403_Dropout0.1_+_More_layers_2+More_heads+Bigger_d,intent_acc/dev,25,0.935742974281311
2A,2A_20260602_160403_Dropout0.1_+_More_layers_2+More_heads+Bigger_d,intent_acc/dev,26,0.9437751173973083
2A,2A_20260602_160403_Dropout0.1_+_More_layers_2+More_heads+Bigger_d,intent_acc/dev,27,0.9417670965194702
2A,2A_20260602_160403_Dropout0.1_+_More_layers_2+More_heads+Bigger_d,intent_acc/dev,28,0.9457831382751465
2A,2A_20260602_160403_Dropout0.1_+_More_layers_2+More_heads+Bigger_d,intent_acc/dev,29,0.9497991800308228
2A,2A_20260602_160403_Dropout0.1_+_More_layers_2+More_heads+Bigger_d,intent_acc/dev,30,0.9497991800308228
2A,2A_20260602_160403_Dropout0.1_+_More_layers_2+More_heads+Bigger_d,intent_acc/dev,31,0.9497991800308228
2A,2A_20260602_160403_Dropout0.1_+_More_layers_2+More_heads+Bigger_d,intent_acc/dev,32,0.9538152813911438
2A,2A_20260602_160403_Dropout0.1_+_More_layers_2+More_heads+Bigger_d,intent_acc/dev,33,0.9477911591529846
2A,2A_20260602_160403_Dropout0.1_+_More_layers_2+More_heads+Bigger_d,intent_acc/dev,34,0.9457831382751465
2A,2A_20260602_160403_Dropout0.1_+_More_layers_2+More_heads+Bigger_d,intent_acc/dev,35,0.9538152813911438
2A,2A_20260602_160403_Dropout0.1_+_More_layers_2+More_heads+Bigger_d,intent_acc/dev,36,0.9518072009086609
2A,2A_20260602_160403_Dropout0.1_+_More_layers_2+More_heads+Bigger_d,intent_acc/dev,37,0.9558233022689819
2A,2A_20260602_160403_Dropout0.1_+_More_layers_2+More_heads+Bigger_d,intent_acc/dev,38,0.9518072009086609
2A,2A_20260602_160403_Dropout0.1_+_More_layers_2+More_heads+Bigger_d,intent_acc/dev,39,0.9518072009086609
2A,2A_20260602_160403_Dropout0.1_+_More_layers_2+More_heads+Bigger_d,intent_acc/dev,40,0.9518072009086609
2A,2A_20260602_160403_Dropout0.1_+_More_layers_2+More_heads+Bigger_d,intent_acc/dev,41,0.9598393440246582
2A,2A_20260602_160403_Dropout0.1_+_More_layers_2+More_heads+Bigger_d,intent_acc/dev,42,0.9477911591529846
2A,2A_20260602_160403_Dropout0.1_+_More_layers_2+More_heads+Bigger_d,intent_acc/dev,43,0.9558233022689819
2A,2A_20260602_160403_Dropout0.1_+_More_layers_2+More_heads+Bigger_d,intent_acc/dev,44,0.9558233022689819
2A,2A_20260602_160403_Dropout0.1_+_More_layers_2+More_heads+Bigger_d,intent_acc/dev,45,0.9618473649024963
2A,2A_20260602_160403_Dropout0.1_+_More_layers_2+More_heads+Bigger_d,intent_acc/dev,46,0.9578313231468201
2A,2A_20260602_160403_Dropout0.1_+_More_layers_2+More_heads+Bigger_d,intent_acc/dev,47,0.9538152813911438
2A,2A_20260602_160403_Dropout0.1_+_More_layers_2+More_heads+Bigger_d,intent_acc/dev,48,0.9638554453849792
2A,2A_20260602_160403_Dropout0.1_+_More_layers_2+More_heads+Bigger_d,intent_acc/dev,49,0.9658634662628174
2A,2A_20260602_160403_Dropout0.1_+_More_layers_2+More_heads+Bigger_d,intent_acc/dev,50,0.9678714871406555
2A,2A_20260602_160403_Dropout0.1_+_More_layers_2+More_heads+Bigger_d,intent_acc/dev,51,0.9578313231468201
2A,2A_20260602_160403_Dropout0.1_+_More_layers_2+More_heads+Bigger_d,intent_acc/dev,52,0.9578313231468201
2A,2A_20260602_160403_Dropout0.1_+_More_layers_2+More_heads+Bigger_d,intent_acc/dev,53,0.9578313231468201
2A,2A_20260602_160403_Dropout0.1_+_More_layers_2+More_heads+Bigger_d,intent_acc/dev,54,0.9558233022689819
2A,2A_20260602_160403_Dropout0.1_+_More_layers_2+More_heads+Bigger_d,intent_acc/dev,55,0.9558233022689819
2A,2A_20260602_160403_Dropout0.1_+_More_layers_2+More_heads+Bigger_d,intent_acc/dev,56,0.9678714871406555
2A,2A_20260602_160403_Dropout0.1_+_More_layers_2+More_heads+Bigger_d,intent_acc/dev,57,0.9658634662628174
2A,2A_20260602_160403_Dropout0.1_+_More_layers_2+More_heads+Bigger_d,intent_acc/dev,58,0.9638554453849792
2A,2A_20260602_160403_Dropout0.1_+_More_layers_2+More_heads+Bigger_d,intent_acc/dev,59,0.9618473649024963
2A,2A_20260602_160403_Dropout0.1_+_More_layers_2+More_heads+Bigger_d,intent_acc/dev,60,0.9678714871406555
2A,2A_20260602_160403_Dropout0.1_+_More_layers_2+More_heads+Bigger_d,intent_acc/dev,61,0.9678714871406555
2A,2A_20260602_160403_Dropout0.1_+_More_layers_2+More_heads+Bigger_d,intent_acc/dev,62,0.9678714871406555
2A,2A_20260602_160403_Dropout0.1_+_More_layers_2+More_heads+Bigger_d,intent_acc/dev,63,0.9678714871406555
2A,2A_20260602_160403_Dropout0.1_+_More_layers_2+More_heads+Bigger_d,intent_acc/dev,64,0.9658634662628174
2A,2A_20260602_160403_Dropout0.1_+_More_layers_2+More_heads+Bigger_d,intent_acc/dev,65,0.9638554453849792
2A,2A_20260602_160403_Dropout0.1_+_More_layers_2+More_heads+Bigger_d,intent_acc/dev,66,0.9678714871406555
2A,2A_20260602_160403_Dropout0.1_+_More_layers_2+More_heads+Bigger_d,intent_acc/dev,67,0.9658634662628174
2A,2A_20260602_160403_Dropout0.1_+_More_layers_2+More_heads+Bigger_d,intent_acc/dev,68,0.9658634662628174
2A,2A_20260602_160403_Dropout0.1_+_More_layers_2+More_heads+Bigger_d,intent_acc/dev,69,0.9658634662628174
